,0,1,2,3,4,5,6,7,8,9,10,11,12,13,14
0,249,98,0,588,412,0,74,255040,100672,172,21504,6691,2196,205,0
1,147,87,0,164,65,9,23,150784,89216,80,405,163,40,130,0
2,150,77,0,36,0,43,25,153792,79264,0,65,40,30,132,0
3,401,583,70,13,20,82,46,411200,597440,197,69,81,112,159,0
4,129,76,0,0,55,0,0,132544,77888,17,13,95,0,67,0
5,150,71,0,68,25,52,0,153984,73600,81,131,85,63,14,0
6,125,81,0,63,31,119,26,128128,83840,99,125,119,205,133,0
7,143,60,23,0,89,91,0,146976,61760,129,37,189,191,81,0
8,299,1023,0,0,0,79,79,306720,1048544,89,0,49,92,215,0
9,190,60,0,74,0,97,0,194624,61792,0,113,0,91,97,0
10,605,803,65,34,16,96,106,620000,822752,189,92,85,139,273,0
11,126,73,0,6,0,89,0,129024,75296,77,41,54,111,77,0
12,523,1023,99,6,0,59,35,536480,1048544,257,63,26,45,145,0
13,414,1023,167,142,140,114,142,424320,1048544,473,405,371,320,377,0
14,158,73,0,0,35,83,59,161824,75040,60,0,93,124,180,0
15,149,54,0,23,77,77,0,152992,55584,54,76,166,150,60,0
16,164,83,53,460,298,78,59,168192,85504,202,6784,2269,884,180,0
17,167,74,0,76,0,74,22,171168,76704,0,127,46,73,129,0
18,273,134,0,413,255,49,48,279648,138016,100,4444,1497,563,162,0
19,829,1023,261,162,164,114,17,849472,1048544,1104,579,469,368,123,0
20,229,82,47,563,396,0,92,234912,84352,243,17332,5626,1916,241,0
21,167,91,0,44,0,99,0,171936,93216,20,69,0,98,49,0
22,239,73,0,0,21,33,81,244864,75712,80,0,60,34,218,0
23,161,104,0,0,0,91,61,164864,107168,88,25,31,102,182,0
24,258,1023,14,69,80,66,59,264416,1048544,119,152,175,133,180,0
25,139,46,14,0,0,40,0,142848,47744,118,0,15,17,38,0
26,383,881,66,68,46,95,0,392192,902304,190,149,128,157,97,0
27,149,69,5,394,249,66,99,152896,71488,127,3742,1359,556,257,0
28,383,604,0,6,80,87,0,393088,619296,75,61,172,172,0,0
29,459,773,0,23,9,63,0,470528,792544,53,59,63,70,0,0
30,245,86,0,518,351,22,0,251808,88768,112,11536,3749,1321,96,0
31,173,61,0,93,0,87,78,177792,63104,63,169,49,96,212,0
32,186,87,0,0,13,70,1,190880,89216,11,20,66,85,106,0
33,125,73,63,57,120,14,50,128640,75744,185,156,251,112,165,0
34,284,137,95,604,432,0,29,290848,140704,368,24992,7906,2565,137,0
35,317,667,72,0,103,56,0,324864,683648,200,59,208,143,72,0
36,135,440,0,0,0,48,43,139232,450720,92,0,31,36,156,0
37,159,66,4,0,69,51,49,163360,67616,108,45,137,96,164,0
38,367,701,92,0,81,132,0,376256,717824,240,67,196,289,93,0
39,364,850,46,115,67,111,79,373664,870816,160,254,181,213,214,0
40,611,1023,114,0,76,40,106,626240,1048544,294,51,144,88,273,0
41,149,80,42,75,16,77,41,153024,81984,154,151,85,99,153,0
42,421,1023,84,53,95,82,0,431424,1048544,223,144,209,179,62,0
43,410,743,66,52,8,97,23,420128,761088,191,116,80,137,130,0
44,435,741,26,64,68,88,0,445856,758912,133,141,160,162,37,0
45,251,68,0,532,371,0,87,257312,69984,145,13124,4396,1533,231,0
46,185,67,0,532,364,0,0,189536,69536,37,12980,4208,1456,83,0
47,130,65,34,25,16,87,46,134048,67360,142,75,80,119,160,0
48,112,185,0,0,45,36,13,115104,189728,84,0,90,54,119,0
49,199,89,8,0,73,104,0,204672,92000,112,41,164,203,32,0
50,276,132,56,0,38,67,0,282656,135584,174,0,89,96,87,0
51,205,74,0,0,65,20,107,210752,76288,84,1,117,52,277,0
52,256,69,135,478,323,0,71,262944,70784,393,8023,2759,961,199,0
53,147,79,0,0,37,44,86,150688,81408,79,0,82,60,228,0
54,158,55,40,59,88,101,101,161792,56512,151,141,202,211,261,0
55,414,313,114,19,12,79,0,424480,320544,293,87,72,101,33,0
56,500,735,35,0,34,66,0,512672,752992,143,0,84,92,89,0
57,746,948,253,141,163,106,59,764320,971744,1029,492,455,349,179,0
58,215,511,30,33,77,0,13,220384,524256,137,99,144,36,119,0
59,186,71,0,0,34,50,51,191168,73440,0,0,81,66,167,0
60,391,697,83,129,84,96,0,401376,714464,223,306,212,196,65,0
61,435,842,433,376,355,337,274,446304,862496,5229,4141,3296,3433,1245,0
62,463,996,2,112,62,94,31,474880,1020128,107,237,164,169,140,0
63,150,51,0,73,23,34,0,154240,52736,0,128,79,37,4,0
64,418,675,50,30,86,82,34,428704,691584,165,102,185,168,143,0
65,467,941,107,17,142,23,28,479168,963712,275,126,317,161,136,0
66,526,1023,150,101,79,22,53,538752,1048544,407,255,167,68,170,0
67,197,63,4,469,325,0,117,202368,65184,144,7447,2700,808,302,0
68,488,551,73,0,33,60,12,500352,564224,202,29,83,81,117,0
69,315,908,65,219,71,105,97,323264,930432,191,716,240,204,252,0
70,163,68,0,48,0,85,7,167520,69920,0,81,50,98,112,0
71,160,86,0,602,428,0,90,164640,88608,143,24544,7673,2510,237,0
72,451,980,62,0,40,114,12,462048,1004128,183,0,112,199,117,0
73,139,233,0,0,52,0,0,142624,238752,0,0,90,0,105,0
74,415,575,89,61,115,103,69,425600,589312,235,166,268,252,197,0
75,402,509,0,53,47,59,0,411712,521984,62,108,113,89,69,0
76,110,201,0,29,0,81,29,113120,205824,60,65,53,93,137,0
77,197,69,0,2,62,0,104,202304,70784,5,42,108,0,269,0
78,157,59,0,0,4,61,43,161600,61280,33,8,52,64,156,0
79,170,52,0,0,50,20,66,175008,53696,29,32,98,39,191,0
80,116,250,0,0,53,7,0,119040,256480,10,0,97,28,22,0
81,160,55,0,52,0,107,73,164000,57120,33,88,38,135,203,0
82,387,689,14,30,71,71,0,396832,706048,119,90,152,132,0,0
83,195,84,0,52,32,25,22,199808,86240,61,103,83,31,129,0
84,128,110,0,151,75,29,0,131072,113120,36,352,179,73,0,0
85,205,428,0,8,57,38,0,210848,439072,90,58,116,68,91,0
86,399,185,90,103,37,69,0,408768,189536,236,226,115,100,0,0
87,134,51,0,42,22,75,45,137984,52288,104,93,85,100,158,0
88,164,795,0,78,7,43,0,168608,814784,41,140,65,39,84,0
89,127,70,0,65,20,89,43,130624,71904,0,114,92,127,156,0
90,375,543,58,57,47,67,0,384544,556032,177,130,117,103,72,0
91,666,1023,191,147,59,140,155,682592,1048544,588,409,198,292,424,0
92,228,93,0,485,319,0,0,234304,95456,118,8530,2755,920,9,0
93,525,1023,195,77,116,105,35,537920,1048544,611,246,276,259,145,0
94,127,76,0,0,0,86,13,130112,78464,0,2,15,85,119,0
95,164,154,4,98,76,80,0,168800,158560,109,207,179,154,95,0
96,128,93,28,0,8,38,84,131680,95872,135,0,46,32,225,0
97,241,81,18,545,374,90,103,247680,83040,193,14620,4679,1733,267,0
98,517,1023,92,0,44,56,32,529888,1048544,239,9,93,82,141,0
99,128,81,17,0,0,86,0,131520,83104,122,20,51,105,79,0
100,426,490,37,49,65,72,0,437056,502208,147,118,145,128,50,0
101,285,1023,0,22,0,80,11,292352,1048544,0,42,15,72,116,0
102,207,77,92,419,278,99,0,212896,78880,263,4732,1780,786,101,0
103,262,66,33,335,204,105,22,268704,68192,151,2190,867,456,129,0
104,154,77,0,63,0,101,50,158240,79392,0,94,0,100,165,0
105,128,70,0,69,55,51,104,131200,72672,0,129,126,84,269,0
106,444,530,151,96,98,12,0,455040,542880,411,250,203,79,61,0
107,147,92,0,0,0,90,0,151360,94976,67,0,0,84,101,0
108,146,62,0,0,68,84,0,150240,64384,76,1,142,153,16,0
109,373,700,10,43,41,104,13,382496,716992,115,100,121,175,119,0
110,175,87,38,23,97,64,42,180064,89632,147,95,202,149,154,0
111,198,53,0,575,408,0,84,202912,54816,193,19232,6297,2205,225,0
112,362,696,0,36,0,125,23,371616,712800,45,70,68,197,130,0
113,147,66,0,0,0,90,0,150528,68352,29,0,28,100,0,0
114,383,966,28,1,67,67,50,392832,989920,135,60,141,121,165,0
115,150,61,0,0,0,71,18,154272,62720,41,0,30,69,124,0
116,167,61,0,0,83,0,21,171488,63392,38,44,152,49,127,0
117,247,69,33,482,313,64,74,253120,70848,181,8260,2651,977,205,0
118,458,1015,53,78,86,69,0,469440,1039712,170,177,189,144,101,0
119,165,93,0,0,77,0,92,169312,95840,25,39,137,31,242,0
120,368,852,116,17,119,0,0,377184,872544,300,117,237,83,80,0
121,171,85,0,3,0,33,0,175232,87424,90,40,31,15,0,0
122,149,63,0,469,306,21,38,153408,65184,125,7396,2437,861,149,0
123,163,92,21,24,54,76,34,167136,95200,126,80,125,125,143,0
124,221,71,62,445,289,93,30,226336,73216,212,5929,2051,847,138,0
125,390,881,51,105,79,87,32,399360,902400,166,232,189,170,141,0
126,204,67,42,481,332,0,104,209088,68608,192,8295,2916,861,269,0
127,128,68,46,46,49,0,102,131360,70624,159,111,96,0,263,0
128,196,66,0,480,300,125,0,200960,67680,131,8081,2473,1010,105,0
129,394,658,0,102,0,85,0,404000,674240,73,193,68,100,30,0
130,140,58,0,0,0,99,13,144352,60160,37,0,1,103,119,0
131,443,1023,81,70,109,78,78,453952,1048544,219,178,244,189,212,0
132,383,506,82,79,82,53,21,392608,518784,221,185,176,113,127,0
133,144,65,0,0,0,27,0,147968,66848,73,30,23,5,84,0
134,134,72,0,95,31,120,0,137312,74720,98,188,127,208,92,0
135,130,80,0,43,36,104,26,133760,82240,77,94,115,171,133,0
136,179,74,0,59,57,86,138,183744,75808,95,125,140,148,365,0
137,253,81,65,538,372,75,71,259104,83648,254,13811,4525,1676,199,0
138,593,1023,230,165,154,94,65,607360,1048544,839,551,423,300,190,0
139,179,72,77,558,397,0,141,184288,74720,289,16519,5556,1905,376,0
140,224,80,52,516,359,10,64,229600,82240,221,11305,3879,1399,188,0
141,484,993,94,44,75,95,0,496064,1017152,244,127,172,183,6,0
142,162,81,0,38,27,76,95,166816,83168,20,77,91,106,249,0
143,497,655,28,63,53,63,0,509312,670880,135,135,126,101,61,0
144,135,381,0,0,0,68,82,138976,390944,71,0,38,69,220,0
145,232,147,110,530,370,16,114,238528,150624,345,12836,4357,1572,293,0
146,241,62,105,534,362,68,79,247104,63936,333,13229,4206,1525,215,0
147,386,517,0,67,65,32,90,395552,530048,49,134,137,67,237,0
148,137,62,0,0,69,31,0,141280,64288,70,0,127,69,101,0
149,445,801,72,36,93,6,67,456224,820576,201,116,180,68,193,0
150,210,67,0,462,302,131,61,215840,69120,74,6893,2368,1047,183,0
151,282,88,96,543,383,0,26,289248,91104,319,14493,4871,1678,133,0
152,244,88,0,553,390,0,64,250848,90400,180,15781,5245,1753,188,0
153,149,65,0,0,72,0,23,153248,66848,72,28,128,38,130,0
154,157,78,18,203,98,107,48,161056,80832,126,616,284,237,163,0
155,136,80,0,29,0,85,74,139424,82560,94,63,17,81,206,0
156,142,110,12,109,0,40,0,146400,113248,117,215,41,17,63,0
157,137,107,5,65,58,77,0,141120,109600,110,137,139,131,0,0
158,170,179,0,105,60,66,0,174304,183328,0,204,148,113,73,0
159,139,60,0,0,0,53,0,142880,61920,22,21,11,29,0,1
160,114,164,0,39,0,129,1,117312,167968,0,57,0,169,106,1
161,166,141,50,22,35,82,54,170240,145152,165,78,100,121,171,1
162,138,78,0,0,0,52,0,141888,79936,53,28,21,34,89,1
163,143,434,0,0,0,78,24,147424,444704,5,0,31,80,131,1
164,241,1023,33,0,23,92,93,247552,1048544,141,30,85,135,244,1
165,220,93,23,351,216,29,0,225472,95392,141,2524,954,363,0,1
166,405,997,55,81,43,65,4,414720,1021696,173,172,116,97,109,1
167,694,275,132,76,97,72,51,710656,281728,344,200,213,161,167,1
168,1008,1023,327,514,369,234,277,1033088,1048544,2060,11399,4265,2288,1280,1
169,246,697,355,252,339,209,306,252416,714368,2580,1635,2389,1741,1661,1
170,352,660,14,61,36,128,56,361408,676224,119,127,131,237,174,1
171,249,842,16,60,16,101,35,255360,863040,121,121,92,150,145,1
172,341,706,45,0,82,72,21,349312,723200,157,17,165,146,127,1
173,160,51,0,0,12,33,0,164512,53152,0,6,52,29,84,1
174,475,1023,132,0,92,44,0,486912,1048544,346,81,179,111,65,1
175,159,63,0,5,12,69,108,163424,65184,80,44,66,83,278,1
176,246,127,106,526,361,67,104,252096,130272,333,12421,4078,1506,269,1
177,124,75,0,0,38,81,0,127680,77184,0,28,101,123,92,1
178,192,55,0,459,296,34,104,197088,56864,112,6750,2221,797,269,1
179,209,139,58,35,0,94,84,214304,143136,177,87,53,118,224,1
180,124,81,0,42,48,80,49,127520,83648,0,85,120,127,164,1
181,154,322,0,0,48,50,74,158496,329888,25,28,103,76,206,1
182,425,1023,82,92,89,61,106,435936,1048544,220,212,196,133,273,1
183,199,63,0,549,384,0,128,204064,65504,165,15204,5018,1721,333,1
184,399,692,27,0,68,88,90,409440,708736,133,53,149,161,237,1
185,228,90,0,315,171,21,0,234176,92416,92,1798,628,220,0,1
186,382,1023,101,41,126,29,3,391168,1048544,260,145,271,140,108,1
187,212,69,58,497,334,26,109,217344,70784,223,9551,3166,1132,281,1
188,155,73,0,134,105,0,35,159680,74752,0,302,227,64,144,1
189,520,721,37,43,0,55,0,532928,739200,146,92,33,41,0,1
190,234,103,74,503,331,83,57,239648,105536,253,10037,3179,1187,176,1
191,255,108,25,461,306,0,52,261888,110688,164,6879,2350,751,169,1
192,213,102,0,85,50,76,0,218816,104448,75,167,130,122,53,1
193,401,777,24,0,63,67,22,411168,796160,129,0,126,117,129,1
194,159,79,0,76,0,102,65,162848,81696,81,135,41,123,189,1
195,187,105,0,90,0,66,44,192160,108512,50,154,0,33,157,1
196,149,96,0,38,0,72,0,152736,98432,0,66,41,71,19,1
197,733,1005,258,145,131,115,0,751232,1029408,1077,493,345,307,61,1
198,171,74,0,481,336,0,65,175392,76320,101,8263,3001,925,189,1
199,144,230,0,0,0,73,55,148128,236128,0,0,17,64,173,1
200,120,66,0,31,77,0,0,123104,68448,81,89,141,28,61,1
201,130,70,0,0,31,55,150,133216,72416,0,0,79,71,407,1
202,164,65,0,0,0,64,5,167936,67008,0,17,45,65,110,1
203,162,64,0,8,39,10,84,165920,66272,0,42,83,20,224,1
204,243,65,75,550,389,0,161,249600,66784,280,15460,5167,1777,450,1
205,204,88,74,563,400,0,90,209792,90432,287,17244,5747,2024,237,1
206,431,686,83,0,63,59,61,441568,703264,222,42,127,103,183,1
207,162,63,19,0,57,7,23,166240,65056,124,0,101,31,130,1
208,405,687,16,45,102,47,32,415104,703712,121,122,212,129,141,1
209,118,258,0,96,0,100,144,121280,264480,0,166,54,124,387,1
210,160,53,0,63,20,84,11,164384,54400,16,112,90,117,116,1
211,191,79,0,202,71,38,0,195936,81728,81,597,203,80,3,1
212,161,70,0,95,58,35,51,164960,72064,49,188,133,64,167,1
213,209,80,0,22,39,74,0,214816,82304,32,61,103,110,87,1
214,205,89,52,431,249,69,109,210912,92032,192,5173,1529,562,282,1
215,442,746,43,20,46,93,11,453184,764320,155,77,120,154,116,1
216,153,86,0,43,25,112,48,156704,88544,58,88,105,183,162,1
217,159,65,0,58,52,45,0,163744,67360,61,117,118,73,0,1
218,144,72,37,69,72,98,97,147872,73760,147,153,173,188,253,1
219,135,109,0,58,59,92,27,138784,111840,47,117,145,161,135,1
220,162,253,0,27,35,68,66,166112,259968,101,76,96,96,191,1
221,148,80,0,0,75,58,97,152128,82592,0,0,147,114,253,1
222,114,214,0,52,30,21,15,117664,219392,56,103,80,25,121,1
223,138,72,4,46,89,38,102,141952,74016,109,116,179,99,264,1
224,196,61,0,323,192,0,0,201088,62784,79,1933,736,237,68,1
225,157,181,16,44,54,75,0,161024,186272,121,105,128,123,16,1
226,161,56,0,70,10,53,0,165536,58144,28,125,69,55,28,1
227,348,1023,120,8,102,74,0,356448,1048544,310,102,215,172,84,1
228,241,610,73,37,24,73,60,247328,625568,203,99,85,97,181,1
229,418,187,87,0,128,0,0,428960,191648,230,25,253,98,44,1
230,129,80,0,36,84,7,0,132192,82112,39,92,160,57,96,1
231,158,102,0,25,90,0,74,162304,105248,6,76,159,1,205,1
232,199,116,24,369,210,110,0,203968,119040,144,2962,1000,489,69,1
233,436,533,30,80,74,60,42,447136,546400,138,172,163,116,154,1
234,485,831,88,55,112,102,69,497376,851936,232,155,258,244,197,1
235,201,90,0,564,407,0,39,206624,92896,135,17493,5991,2005,150,1
236,446,807,67,46,95,44,73,456864,826848,192,130,195,115,204,1
237,128,127,24,54,0,25,7,131680,130816,130,106,26,0,112,1
238,408,766,90,0,9,77,31,418176,784416,235,0,58,96,139,1
239,408,854,73,55,105,106,31,418208,875392,203,149,244,245,140,1
240,255,75,105,544,387,0,0,261920,77664,341,14676,4977,1509,21,1
241,334,192,16,120,0,98,20,342368,196896,122,237,26,99,126,1
242,149,513,19,0,39,80,49,153568,525632,124,0,96,121,164,1
243,162,62,0,0,66,0,16,166592,63936,20,31,118,25,122,1
244,123,69,0,84,25,57,65,126016,70944,6,151,90,70,190,1
245,140,66,0,0,9,58,0,144096,68448,56,7,55,62,100,1
246,148,76,0,0,0,76,50,151968,78816,0,10,0,59,165,1
247,184,60,27,512,357,0,112,188832,61952,185,10889,3739,1136,289,1
248,195,61,44,435,284,73,80,200480,62912,181,5426,1924,772,216,1
249,211,215,28,446,290,69,59,216704,220768,163,5988,2058,803,180,1
250,136,256,0,0,7,11,0,139648,263040,0,0,41,0,56,1
251,146,67,0,0,74,0,74,149984,69440,86,12,125,15,206,1
252,283,219,10,0,89,25,102,290176,225184,114,41,168,83,263,1
253,149,98,0,70,44,48,11,153248,100800,4,129,109,70,116,1
254,219,64,25,445,297,0,35,224384,66464,159,5937,2113,672,144,1
255,210,72,10,544,372,99,130,215296,74400,184,14482,4634,1736,341,1
256,136,57,0,135,10,51,125,139872,59072,72,289,87,52,325,1
257,359,1023,38,3,68,0,36,368192,1048544,148,64,122,20,146,1
258,286,606,20,0,67,101,0,293536,620768,125,11,148,189,98,1
259,373,690,136,26,163,109,92,382560,707072,357,160,427,355,241,1
260,470,671,45,7,0,60,22,482240,687968,157,53,41,55,129,1
261,177,75,0,73,26,100,34,181760,77088,24,132,106,155,143,1
262,341,658,0,41,0,92,3,349344,673856,17,69,28,100,108,1
263,194,71,0,417,271,0,26,199232,72800,105,4605,1631,469,133,1
264,334,743,0,68,64,79,0,342240,761376,87,140,150,139,17,1
265,198,67,0,466,293,113,69,203296,68640,62,7117,2254,921,196,1
266,386,484,0,72,2,33,88,395296,496256,25,127,56,23,233,1
267,161,68,7,0,55,37,15,165408,69792,111,0,105,64,121,1
268,118,560,0,0,0,49,31,120896,573600,0,0,0,19,139,1
269,127,240,0,0,0,73,0,130304,246112,72,2,25,68,65,1
270,391,1023,133,106,98,51,0,401024,1048544,348,265,216,128,71,1
271,384,721,0,27,47,70,0,394112,738720,85,76,113,108,54,1
272,240,107,0,0,0,107,0,246112,109664,80,5,1,119,45,1
273,193,82,0,514,353,0,76,198112,84352,145,11081,3703,1182,210,1
274,469,955,109,0,41,75,0,480608,978464,280,20,97,113,73,1
275,142,56,0,74,94,54,89,145664,57760,60,157,200,128,235,1
276,365,633,30,0,77,36,0,373760,649120,137,0,141,83,73,1
277,399,915,144,3,23,108,0,408928,937376,385,85,95,172,95,1
278,135,76,0,0,76,36,108,138272,78304,48,0,141,83,278,1
279,377,665,115,62,85,0,49,386912,681376,297,164,163,40,164,1
280,370,914,0,105,0,103,13,378976,936096,65,192,34,116,119,1
281,141,76,0,0,24,83,0,145056,78656,23,28,84,116,64,1
282,451,807,49,66,88,70,35,462272,827168,164,155,192,149,144,1
283,157,92,0,0,73,41,65,161664,94912,63,0,137,87,189,1
284,166,93,0,71,58,8,83,170912,95392,32,138,121,33,222,1
285,629,311,187,79,64,58,0,644768,318592,567,225,145,103,104,1
286,335,486,65,43,13,65,0,343744,498176,188,103,71,76,83,1
287,377,431,193,120,69,0,0,386080,441792,599,325,143,0,22,1
288,112,166,0,0,52,44,12,115040,169984,28,0,104,71,117,1
289,487,693,45,23,95,62,22,498944,710208,157,95,197,143,129,1
290,112,298,0,70,0,62,56,115680,305440,0,113,25,44,174,1
291,348,738,46,37,107,85,0,356960,756224,158,117,235,200,88,1
292,163,39,23,69,28,95,0,167328,40544,129,139,105,145,93,1
293,195,117,0,0,68,21,0,200576,120032,48,44,129,57,80,1
294,138,70,0,0,74,0,0,142240,72320,45,49,133,29,73,1
295,298,1023,80,19,78,48,47,306080,1048544,216,93,156,101,161,1
296,203,57,0,327,169,55,0,208288,59328,0,1980,651,260,75,1
297,149,56,0,0,0,69,0,153472,58336,0,0,5,51,85,1
298,467,1023,0,0,15,38,21,478208,1048544,36,13,57,37,127,1
299,133,80,0,55,57,83,74,136736,82720,94,118,137,141,206,1
300,122,62,0,107,0,97,0,125504,64352,96,208,67,123,22,1
301,182,71,0,431,256,81,0,186784,73216,68,5184,1600,619,54,1
302,137,88,0,31,0,92,0,141216,90176,16,57,34,104,105,1
303,150,89,0,51,69,92,0,154112,91616,70,112,160,170,88,1
304,394,625,2,69,40,119,0,403648,640384,107,140,133,213,31,1
305,187,78,0,456,299,0,69,192064,80576,80,6537,2196,624,196,1
306,183,329,35,47,39,113,5,187680,337088,144,108,124,196,110,1
307,153,69,19,0,40,80,50,157088,70656,124,0,97,121,166,1
308,159,56,0,0,0,75,15,163232,58272,29,21,42,80,121,1
309,256,1023,0,0,0,87,127,262272,1048544,41,0,50,106,332,1
310,591,301,171,173,80,128,116,605632,308608,492,505,240,274,299,1
311,134,66,0,91,7,76,19,137312,68448,30,165,79,92,125,1
312,154,73,0,0,51,87,92,157728,75648,13,18,119,144,241,1
313,160,72,0,31,0,72,40,164640,74592,100,64,0,49,151,1
314,157,65,0,0,0,50,0,160896,67136,41,0,28,37,85,1
315,136,453,0,17,0,58,100,139488,463936,32,44,28,45,259,1
316,408,977,99,0,67,100,60,418720,1000576,255,19,147,187,181,1
317,134,75,0,0,20,3,1,137600,77664,0,14,55,0,106,1
318,446,1023,71,91,30,100,0,457504,1048544,200,193,115,157,81,1
319,156,61,0,0,0,111,10,160160,62656,41,16,0,127,115,1
320,201,66,0,428,275,0,38,206560,68448,68,5094,1743,527,148,2
321,208,79,0,510,344,0,13,213728,81088,115,10657,3463,1084,119,2
322,172,54,0,27,55,58,90,176800,55680,97,80,121,95,237,2
323,155,114,0,105,114,23,0,158912,117568,34,228,248,113,2,2
324,276,268,59,10,8,64,0,283168,274976,179,62,61,72,83,2
325,134,93,0,49,13,101,78,138016,95520,18,90,87,149,213,2
326,233,64,0,470,302,34,9,239520,65696,76,7454,2396,848,114,2
327,133,79,0,42,15,89,4,136992,81312,86,89,82,123,109,2
328,448,691,82,111,30,137,118,459168,707584,221,242,141,259,305,2
329,375,456,22,0,107,27,63,384160,467328,127,0,203,108,186,2
330,133,91,0,0,26,66,92,136480,93856,87,15,77,86,242,2
331,131,90,44,50,52,34,35,134656,92352,156,117,113,58,144,2
332,358,155,84,639,476,0,110,367232,159360,389,34432,11363,3349,284,2
333,558,238,129,56,66,32,11,571648,243904,336,155,136,68,116,2
334,454,1023,113,51,125,8,40,465312,1048544,292,163,265,115,151,2
335,319,203,60,70,77,52,0,327136,208544,181,160,165,107,87,2
336,144,52,0,0,0,85,86,148096,53248,5,0,47,102,228,2
337,153,75,0,0,79,24,38,156672,77696,75,0,143,71,148,2
338,121,69,0,4,97,25,1,124160,70656,58,62,188,93,106,2
339,364,1023,120,85,104,98,0,373600,1048544,311,216,243,224,100,2
340,179,103,32,516,339,171,81,183872,106240,194,11228,3523,1536,219,2
341,148,591,0,36,23,71,60,151904,605696,86,82,83,93,181,2
342,242,67,10,409,243,62,25,247936,68992,135,4242,1373,525,132,2
343,183,76,16,495,341,74,52,187520,78624,166,9412,3301,1281,168,2
344,497,798,121,85,85,65,41,508992,817440,313,209,188,136,153,2
345,157,80,0,0,38,70,0,161152,82272,29,13,94,102,29,2
346,336,338,83,263,138,76,0,344928,346208,226,1115,438,232,93,2
347,175,122,0,61,74,82,0,180192,125600,85,131,167,155,0,2
348,122,78,30,0,0,85,63,125856,80800,137,36,49,102,186,2
349,239,75,0,529,362,34,8,245440,76928,141,12642,4137,1478,113,2
350,125,878,0,81,38,23,49,128992,899520,89,159,97,33,164,2
351,152,79,46,0,77,82,7,155968,80960,159,36,161,159,112,2
352,360,585,29,36,28,66,83,368640,599456,136,90,87,87,222,2
353,152,66,0,72,48,102,22,156608,68000,9,134,136,175,129,2
354,175,109,0,3,39,72,0,179360,111968,95,50,100,107,76,2
355,198,92,77,375,227,91,0,202880,94784,224,3135,1122,507,89,2
356,131,68,0,11,0,52,26,134880,69824,0,35,31,38,133,2
357,210,78,23,279,159,25,0,215328,80160,135,1289,517,196,71,2
358,133,63,0,167,104,0,0,136320,64832,36,427,241,67,88,2
359,137,49,0,40,19,90,69,140704,50304,67,85,87,127,197,2
360,161,77,0,11,14,64,45,165440,79296,92,52,67,75,158,2
361,742,1023,240,163,146,117,56,760160,1048544,916,548,405,340,175,2
362,129,71,21,68,23,31,84,132416,73600,127,136,77,33,224,2
363,411,560,72,0,85,78,0,421280,573824,200,52,176,160,71,2
364,443,1023,157,0,132,0,24,453984,1048544,433,79,267,95,131,2
365,808,1023,257,152,142,126,21,828096,1048544,1066,520,389,357,127,2
366,139,75,19,0,58,90,0,143328,77216,124,0,127,157,104,2
367,325,893,19,0,77,43,0,333600,915040,124,24,146,93,91,2
368,115,79,0,51,0,52,38,118208,80992,0,87,49,45,148,2
369,137,82,0,0,88,0,56,141120,83968,29,0,155,44,174,2
370,223,113,80,501,333,0,15,228864,116128,264,9866,3168,1069,121,2
371,141,55,46,56,49,127,91,144768,57280,159,126,148,244,240,2
372,477,831,64,0,30,88,21,488576,850976,187,36,92,132,127,2
373,141,105,0,0,12,85,0,145152,108320,20,0,68,114,15,2
374,139,496,0,24,0,137,0,142624,508864,33,42,0,192,0,2
375,202,76,0,464,306,0,104,207424,78112,112,7043,2372,721,269,2
376,176,57,1,33,3,132,0,181024,59136,106,78,91,227,103,2
377,384,602,0,4,9,16,57,393888,617120,59,40,48,7,176,2
378,402,993,71,0,43,101,0,412192,1017728,199,0,109,168,77,2
379,466,1023,151,74,117,69,0,477984,1048544,411,214,262,184,69,2
380,336,245,134,631,463,0,27,344576,251808,505,31808,10327,3520,135,2
381,260,74,82,399,257,0,126,266240,76192,238,3934,1439,511,327,2
382,214,62,36,520,364,0,72,219328,64384,201,11743,4046,1440,201,2
383,335,310,72,0,49,56,0,343136,317600,201,44,106,87,93,2
384,151,55,0,0,0,94,0,154976,56704,25,0,37,112,100,2
385,126,70,0,146,121,31,0,129696,72000,83,357,283,133,62,2
386,144,61,0,56,19,60,92,148192,63232,88,110,78,71,241,2
387,136,74,0,0,32,38,41,139456,75808,0,8,76,48,152,2
388,376,630,0,28,23,86,68,385888,645280,60,69,88,121,194,2
389,189,113,51,594,424,0,30,194432,116352,277,22936,7348,2444,138,2
390,173,60,65,477,312,136,0,178112,61952,227,7940,2629,1137,37,2
391,205,61,0,519,347,58,119,210816,63296,102,11575,3661,1313,307,2
392,188,55,40,314,166,112,2,192736,57280,159,1787,637,369,107,2
393,317,664,87,0,75,95,0,325536,680352,229,61,165,185,28,2
394,280,138,0,496,325,85,0,286816,141600,147,9441,3006,1132,99,2
395,131,78,0,8,40,55,0,134528,80416,75,52,96,79,67,2
396,427,1023,101,0,79,58,72,438080,1048544,260,55,157,118,201,2
397,153,78,0,0,36,83,13,157568,80224,0,15,97,124,119,2
398,162,64,0,0,0,81,0,166048,65632,10,0,28,83,92,2
399,406,994,47,222,112,100,40,416128,1018272,163,753,329,239,151,2
400,263,60,0,461,306,0,68,270048,62304,133,6869,2369,836,194,2
401,341,753,0,78,57,63,76,349664,771936,87,158,135,105,209,2
402,510,880,95,3,94,77,121,522464,901504,247,86,198,169,314,2
403,395,796,131,93,64,107,0,404832,815936,344,224,169,201,95,2
404,433,600,14,0,25,120,60,443488,614688,119,29,101,204,181,2
405,321,675,0,91,38,92,38,329504,691616,90,179,122,145,148,2
406,156,84,0,11,12,79,32,160640,86016,67,49,71,101,141,2
407,350,831,123,30,104,102,0,359200,851872,318,129,234,233,73,2
408,159,70,0,0,25,89,99,162848,72480,11,0,84,130,256,2
409,422,852,146,53,105,63,53,432864,872832,392,170,226,157,170,2
410,421,713,16,65,82,20,0,431488,730976,121,145,164,69,49,2
411,143,82,0,55,0,69,87,147232,84832,0,88,24,56,230,2
412,128,844,0,305,171,3,0,131424,864256,75,1630,605,201,70,2
413,160,54,27,0,44,53,0,164608,55520,133,27,97,78,88,2
414,458,586,29,33,18,111,31,468992,600512,136,84,95,177,140,2
415,358,509,5,93,105,111,0,367200,521344,110,207,255,258,95,2
416,347,1023,114,0,93,104,82,356160,1048544,293,71,204,225,220,2
417,175,55,0,0,41,57,0,179808,56544,16,0,93,83,82,2
418,473,148,0,84,9,115,102,485280,152352,81,158,97,181,265,2
419,364,768,42,57,94,61,0,373280,787424,153,141,199,140,88,2
420,137,604,0,51,0,74,25,141152,618656,0,85,47,77,132,2
421,351,169,78,78,64,41,38,360032,173472,212,175,139,77,148,2
422,135,60,0,0,8,116,0,139040,62240,74,0,78,184,0,2
423,435,726,107,62,63,111,22,445664,743840,276,155,162,210,129,2
424,262,79,22,553,388,32,67,268576,81120,204,15829,5213,1867,193,2
425,153,70,48,297,165,100,91,156960,71808,169,1534,596,337,240,2
426,158,73,0,0,0,70,13,162048,74848,37,0,43,74,119,2
427,199,76,0,542,373,49,82,204032,78080,104,14202,4601,1653,221,2
428,203,90,6,532,356,90,80,208704,92992,173,13003,4056,1492,216,2
429,142,80,0,0,46,91,0,145632,82080,0,2,113,149,0,2
430,447,504,50,51,75,47,3,457888,516640,165,127,156,97,108,2
431,215,72,0,566,398,0,14,220192,74464,110,17760,5712,1830,120,2
432,209,82,92,392,221,103,48,214368,84352,257,3655,1148,512,163,2
433,156,64,2,509,338,61,56,160096,65952,157,10542,3373,1225,174,2
434,423,690,0,83,43,122,0,433760,707296,101,165,141,223,0,2
435,182,57,0,458,292,49,84,186848,58464,70,6635,2161,789,225,2
436,128,105,16,0,8,98,0,131904,107936,121,40,73,139,63,2
437,330,785,90,24,52,76,0,338336,804288,236,94,122,123,33,2
438,189,60,34,667,495,0,86,194336,62272,355,44160,14004,4599,229,2
439,122,72,0,0,29,65,0,125088,74528,67,31,83,87,63,2
440,152,74,0,160,68,65,0,156032,76000,15,383,182,119,87,2
441,164,69,0,13,0,95,88,167968,70752,48,37,8,97,233,2
442,251,750,0,13,0,75,0,257504,768864,18,33,1,56,72,2
443,121,74,0,0,78,60,72,124800,75904,77,41,157,121,201,2
444,257,122,57,48,42,78,110,264000,125632,175,115,112,120,284,2
445,466,795,73,105,67,76,0,477344,814720,203,234,164,138,99,2
446,413,770,35,267,135,56,0,423296,788736,149,1153,427,192,58,2
447,234,107,111,475,323,6,169,240544,109600,324,7869,2748,991,482,2
448,196,71,34,535,368,0,126,201248,73536,206,13370,4317,1377,327,2
449,164,80,0,53,0,95,42,168032,82496,0,87,45,113,154,2
450,307,758,38,25,0,91,0,315104,777088,147,68,33,101,41,2
451,129,65,0,0,36,59,0,132288,66944,60,3,86,82,23,2
452,173,77,18,508,357,0,50,177952,78880,174,10600,3759,1343,165,2
453,713,1023,256,18,142,111,114,730624,1048544,1060,231,349,318,294,2
454,271,1023,101,68,119,0,95,277600,1048544,261,183,239,56,249,2
455,335,179,0,87,0,41,0,343584,184256,39,147,0,0,0,2
456,211,73,37,451,292,45,27,216576,75328,176,6255,2117,785,134,2
457,151,60,0,0,93,0,100,154816,61760,91,27,169,57,260,2
458,146,111,98,0,66,30,60,149664,113696,253,0,119,65,181,2
459,150,73,7,33,0,105,52,153888,75232,111,74,47,137,168,2
460,240,87,49,420,272,5,0,246112,89728,186,4741,1684,601,92,2
461,361,750,62,19,61,56,0,370592,768128,184,83,128,96,0,2
462,448,732,76,52,0,81,0,458752,750112,208,117,62,96,64,2
463,168,56,0,0,30,46,49,172672,58304,45,23,77,57,164,2
464,187,81,11,482,326,82,31,191872,83040,155,8351,2893,1136,140,2
465,384,1023,88,68,67,87,43,393312,1048544,232,160,158,158,155,2
466,133,65,0,4,53,96,100,136288,67040,79,52,130,165,260,2
467,414,674,90,101,115,86,9,424320,690816,236,245,271,215,114,2
468,151,67,0,67,0,86,0,155232,68832,0,109,42,92,68,2
469,318,755,62,30,67,62,0,326208,774112,183,98,143,112,15,2
470,170,64,0,0,65,76,17,174272,66144,76,0,134,135,123,2
471,190,99,88,551,375,99,129,194816,102336,306,15444,4804,1767,336,2
472,212,54,17,513,354,0,91,217632,55456,175,11006,3733,1281,239,2
473,477,931,144,59,0,116,117,489056,954016,384,145,39,155,303,2
474,213,1023,157,134,113,101,84,219008,1048544,435,361,282,243,225,2
475,559,928,120,61,86,54,83,573408,951264,311,166,181,119,222,2
476,131,56,0,34,4,108,42,134880,58304,17,67,79,161,154,2
477,117,216,0,0,55,0,0,120192,221824,0,0,93,0,82,2
478,130,71,0,0,79,0,0,133216,72736,17,0,137,37,79,2
479,132,77,0,0,44,2,0,136064,79648,0,29,86,15,16,3
480,197,76,77,393,234,77,0,202656,78176,228,3692,1236,510,105,3
481,410,521,25,0,89,12,0,420736,533984,131,0,160,69,94,3
482,151,62,0,0,0,87,4,154976,64320,0,0,37,100,109,3
483,153,70,0,0,0,52,49,156768,72160,65,20,25,37,164,3
484,186,48,0,548,382,13,38,191200,50080,123,15080,4953,1751,149,3
485,135,74,0,0,0,95,0,139040,76352,50,0,0,94,0,3
486,428,602,35,0,0,91,0,438752,616992,143,44,54,114,26,3
487,636,1023,202,69,132,37,9,652032,1048544,648,243,294,159,114,3
488,372,825,54,66,87,73,0,381536,845760,171,155,191,153,95,3
489,183,84,38,530,372,14,119,187456,86496,209,12879,4401,1590,307,3
490,410,204,33,13,54,0,60,420480,209632,141,69,99,6,181,3
491,329,604,26,46,46,95,0,337024,618880,133,107,125,157,4,3
492,129,57,0,0,8,92,106,132640,59072,0,0,67,125,275,3
493,470,730,41,43,115,0,49,481600,747680,152,129,229,68,164,3
494,139,59,0,0,73,90,0,142848,60704,49,0,155,172,75,3
495,185,68,55,520,360,0,98,190336,69920,228,11694,3921,1219,255,3
496,425,623,82,86,28,110,20,435712,638720,220,184,116,181,126,3
497,161,60,0,22,51,67,69,165760,61952,0,60,117,106,197,3
498,364,527,0,0,62,0,0,373504,539840,50,0,107,22,2,3
499,175,59,0,3,16,82,95,179232,60608,54,39,75,109,249,3
500,170,91,0,41,79,87,0,174112,93344,64,100,175,171,18,3
501,240,135,0,13,98,17,0,246304,138368,85,76,190,85,0,3
502,499,896,100,33,0,113,57,510976,918272,258,85,0,128,177,3
503,156,50,0,0,0,108,0,160256,51872,65,23,49,148,27,3
504,126,84,0,19,34,94,0,129696,86080,96,65,104,147,71,3
505,209,70,2,292,152,118,0,214592,71776,113,1441,546,356,101,3
506,470,196,0,0,0,70,0,481952,200832,61,0,18,60,71,3
507,203,96,0,0,43,55,74,208352,98752,15,0,94,80,205,3
508,129,86,0,33,36,84,0,133088,88640,89,81,104,127,16,3
509,263,89,37,533,372,0,100,270304,91808,210,13181,4432,1551,259,3
510,446,992,83,38,64,89,0,456832,1016736,222,112,148,159,76,3
511,118,175,0,32,68,0,29,121088,179584,0,76,127,25,137,3
512,147,111,0,316,175,60,0,151456,113920,0,1802,656,282,85,3
513,125,255,0,77,10,57,63,128480,261344,0,133,72,62,186,3
514,423,152,144,66,60,107,103,433504,156032,384,176,156,197,267,3
515,135,405,0,0,0,80,20,138816,415264,0,0,52,95,126,3
516,142,72,0,0,28,28,0,145440,74624,52,37,71,32,41,3
517,404,910,125,51,113,40,92,414144,932320,324,161,237,133,242,3
518,395,487,4,0,51,0,0,405088,499104,108,49,92,0,73,3
519,438,819,66,74,50,109,0,449344,838688,190,161,142,193,0,3
520,385,675,14,59,10,92,120,394400,692064,119,118,81,126,311,3
521,699,616,140,106,41,120,44,715808,631552,373,251,143,215,157,3
522,151,83,3,0,38,21,0,155040,85984,107,36,81,31,0,3
523,127,106,44,0,86,34,0,130592,108896,155,44,164,91,94,3
524,162,76,0,14,46,80,44,166528,78272,49,56,114,127,157,3
525,147,89,0,104,63,88,48,151072,91776,51,210,161,157,163,3
526,136,457,0,40,70,47,0,139648,468096,0,88,145,92,85,3
527,460,707,0,62,86,24,67,471200,724064,102,140,174,79,192,3
528,112,273,0,0,0,85,0,115296,279808,23,0,39,96,94,3
529,143,87,0,27,70,84,124,146656,89312,100,84,155,155,321,3
530,370,833,84,54,113,58,43,379808,853088,223,153,245,161,156,3
531,146,61,0,67,0,64,5,150496,62848,71,119,33,51,110,3
532,303,1023,98,69,64,49,40,311072,1048544,255,164,139,88,151,3
533,140,70,0,0,40,48,0,144224,72320,61,0,88,68,52,3
534,181,80,4,439,283,33,87,186272,82528,135,5600,1921,705,231,3
535,212,97,73,577,400,159,175,217312,99456,297,19557,6104,2387,511,3
536,400,987,119,122,0,133,77,410144,1011072,309,276,88,217,211,3
537,159,65,11,107,18,119,2,162880,67072,116,217,115,198,107,3
538,138,114,0,42,25,50,0,142304,116736,98,93,80,60,97,3
539,449,894,58,69,80,132,25,460192,916192,177,159,205,286,132,3
540,464,197,62,53,0,92,0,475136,202336,183,109,35,101,73,3
541,143,78,8,0,35,31,82,146944,80224,112,0,75,41,221,3
542,256,120,0,262,132,107,31,262464,123392,92,1088,431,289,140,3
543,158,82,0,16,11,73,0,162368,84448,21,48,68,89,77,3
544,155,104,0,40,0,47,111,159712,106624,52,73,13,20,286,3
545,403,573,85,73,31,101,0,413056,587040,226,161,112,159,80,3
546,139,77,0,86,0,51,0,142336,78880,0,149,60,45,85,3
547,171,129,51,563,400,0,68,175616,132096,249,17225,5690,1754,195,3
548,634,202,98,54,82,0,74,649312,207168,253,145,159,49,205,3
549,211,104,64,497,332,74,90,216352,107104,233,9506,3128,1177,237,3
550,137,83,0,62,0,71,0,140448,85216,45,107,41,68,35,3
551,126,65,60,57,42,24,112,129728,67488,180,130,97,37,289,3
552,244,71,60,525,361,39,0,250496,73536,239,12274,4068,1471,101,3
553,177,66,17,0,60,0,93,181760,68288,122,54,105,0,244,3
554,188,76,0,509,349,0,43,192864,77920,145,10607,3575,1196,156,3
555,137,88,0,76,91,39,0,140512,90400,73,162,191,104,87,3
556,161,78,0,0,0,74,0,165760,79968,49,0,0,57,2,3
557,148,74,0,0,32,0,91,151872,76320,0,0,65,0,240,3
558,373,403,0,114,0,38,51,382752,413344,68,223,54,21,167,3
559,132,50,0,53,36,67,0,135648,51744,73,107,101,95,105,3
560,465,147,109,23,83,6,0,476960,150784,280,108,157,56,51,3
561,262,587,0,54,48,73,45,268448,601184,87,113,120,115,158,3
562,138,71,6,0,55,0,0,142208,73600,110,28,95,0,60,3
563,402,724,61,132,100,47,89,411712,741568,182,317,228,125,236,3
564,378,590,76,38,0,43,0,387456,604544,209,98,51,36,75,3
565,547,1023,200,122,122,67,0,560128,1048544,636,357,289,189,70,3
566,392,915,102,49,59,72,50,401728,936992,264,132,136,123,166,3
567,121,491,0,0,0,16,31,123936,503744,48,0,32,0,140,3
568,247,141,9,0,90,34,0,253408,145120,113,51,173,95,27,3
569,131,64,0,78,33,102,27,134720,66528,94,153,117,165,134,3
570,243,72,16,458,304,0,21,249696,74720,153,6722,2316,783,128,3
571,110,314,0,76,47,0,86,113120,321664,1,139,100,0,229,3
572,147,63,0,77,0,98,0,151200,64672,71,130,7,96,7,3
573,327,733,83,6,39,102,44,335424,750720,221,69,113,169,157,3
574,109,112,0,0,8,61,0,112448,115424,0,0,55,67,81,3
575,367,644,101,34,0,74,0,376608,659840,262,98,50,79,30,3
576,311,905,12,0,43,70,56,318976,927040,116,0,98,105,174,3
577,261,133,60,481,325,0,28,267776,137152,219,8284,2829,943,136,3
578,170,94,0,200,81,79,15,174144,96320,29,579,233,156,121,3
579,151,60,0,0,21,85,25,155616,61984,69,0,77,119,132,3
580,169,56,0,0,60,65,0,173056,57568,36,0,123,111,25,3
581,476,614,46,30,76,15,0,487872,629248,158,97,145,57,96,3
582,151,77,0,42,0,79,3,155616,79456,73,74,0,60,108,3
583,357,841,55,0,20,54,0,366368,861696,171,0,63,63,85,3
584,496,722,118,83,0,122,62,508832,739392,305,183,84,192,184,3
585,206,86,0,7,42,42,0,211840,88448,0,42,95,61,47,3
586,179,90,0,69,4,70,59,183840,93024,17,121,69,80,179,3
587,168,67,0,28,0,63,9,172896,69472,19,51,0,35,114,3
588,118,64,0,0,65,51,11,121664,65600,54,24,128,92,116,3
589,194,75,0,522,357,22,0,199392,77248,53,11901,3919,1392,30,3
590,194,54,26,310,216,0,0,199520,55424,140,1753,821,164,27,3
591,511,1023,103,0,112,14,49,523616,1048544,266,34,215,101,164,3
592,171,65,50,552,367,124,102,175104,67552,240,15552,4639,1724,263,3
593,130,105,0,0,92,21,35,133920,107904,99,0,167,81,144,3
594,182,85,0,0,13,66,0,187296,87808,33,0,61,77,89,3
595,382,594,0,0,60,84,0,392096,609120,78,21,132,147,78,3
596,508,919,139,27,90,64,0,520224,941440,369,126,187,140,48,3
597,290,472,0,81,9,114,91,297632,483744,68,150,96,180,239,3
598,560,865,72,73,0,58,82,574176,886176,201,147,38,45,221,3
599,193,75,0,99,53,81,0,198048,77568,105,203,141,135,1,3
600,207,75,78,521,364,31,71,212864,77696,268,11884,4081,1495,200,3
601,170,67,0,69,19,69,5,174368,68992,0,120,84,87,110,3
602,128,107,70,62,87,51,62,131520,110048,197,152,183,116,185,3
603,408,1023,89,74,35,141,0,418304,1048544,234,164,141,276,4,3
604,164,60,0,60,70,37,78,168736,61536,42,123,145,78,213,3
605,162,58,0,0,2,89,107,165888,59392,64,0,59,115,276,3
606,155,55,0,43,101,92,78,158944,56512,85,114,224,206,212,3
607,419,751,98,84,0,122,10,429472,769536,255,178,84,192,115,3
608,132,87,0,136,31,74,0,136064,89312,17,287,119,103,54,3
609,198,91,65,662,495,0,81,203264,93344,392,42336,13727,4287,218,3
610,148,73,0,69,24,35,0,151712,75616,8,123,79,38,41,3
611,274,168,56,145,92,101,75,281504,172192,175,357,236,215,208,3
612,165,54,0,0,0,25,54,169568,55680,94,10,22,4,172,3
613,233,78,119,502,345,0,62,238720,80800,354,9977,3371,1026,184,3
614,438,932,108,38,109,11,0,449248,954688,279,135,218,93,99,3
615,465,549,75,0,41,48,0,477088,562976,205,0,87,69,32,3
616,519,1023,135,0,77,85,24,532000,1048544,353,79,164,164,131,3
617,168,73,42,51,93,0,121,172032,75648,153,131,169,5,313,3
618,141,81,0,63,0,72,51,145184,83200,0,103,41,68,167,3
619,232,69,0,492,335,0,101,237888,70688,136,9088,3099,1052,261,3
620,312,650,66,71,61,119,0,320384,665920,191,159,165,230,102,3
621,402,1023,87,127,120,78,78,412288,1048544,231,316,288,205,213,3
622,119,268,0,0,1,42,69,121888,274976,0,0,43,34,196,3
623,245,115,115,482,335,0,110,251232,117984,335,8360,3017,1076,284,3
624,483,478,158,84,118,82,0,494880,489600,435,237,271,209,86,3
625,171,88,0,0,25,87,0,175648,90880,73,0,83,126,75,3
626,131,57,7,86,0,117,53,134880,58848,112,151,0,132,170,3
627,193,66,0,445,275,20,12,198240,67872,100,5913,1863,637,118,3
628,172,57,0,0,40,37,0,176192,59008,0,0,86,53,14,3
629,140,62,0,40,88,52,0,143648,64160,39,98,180,118,57,3
630,149,97,0,41,61,55,84,153024,100320,76,97,132,95,224,3
631,359,749,53,102,59,118,116,368128,767520,170,220,168,226,301,3
632,140,69,0,48,0,118,0,143904,71168,41,80,29,156,100,3
633,174,716,0,26,43,32,14,178848,733728,28,66,95,48,120,4
634,141,76,0,45,47,35,53,144480,78592,74,98,105,55,170,4
635,150,75,0,5,0,72,0,154560,77248,44,35,39,72,0,4
636,383,1023,0,72,57,74,0,392608,1048544,82,145,137,123,0,4
637,178,76,0,175,83,49,54,182848,78624,0,451,213,108,172,4
638,392,636,19,15,59,51,0,402368,651392,124,71,123,87,59,4
639,242,99,53,478,299,0,88,248768,101536,208,7998,2397,741,232,4
640,123,302,0,21,38,37,0,126080,309312,0,56,89,50,39,4
641,160,70,0,0,103,38,0,164544,71968,50,0,198,117,49,4
642,170,79,13,55,0,96,22,174240,81600,118,108,59,123,129,4
643,159,73,0,0,0,88,125,163520,75456,46,8,3,81,325,4
644,973,1023,272,249,223,220,227,996960,1048544,1222,1185,953,1016,817,4
645,280,1023,117,48,45,59,41,287168,1048544,302,133,110,88,153,4
646,242,99,0,475,317,90,21,248608,101632,113,7812,2672,1062,127,4
647,125,73,0,0,0,87,4,128672,75168,0,18,38,98,109,4
648,301,940,86,100,23,75,0,308288,963136,229,215,98,100,25,4
649,314,525,27,78,76,93,0,321952,538016,134,168,180,180,61,4
650,690,701,199,84,118,73,154,707424,717888,630,263,270,193,420,4
651,422,798,88,79,43,57,43,432128,817824,232,174,112,83,155,4
652,208,76,0,385,214,27,0,213856,78464,51,3399,1045,353,97,4
653,717,566,227,99,165,25,68,734656,580256,817,345,419,210,195,4
654,180,66,0,30,8,85,43,184480,67968,21,63,71,110,156,4
655,165,64,0,575,405,0,0,169024,65888,90,19178,6157,2060,59,4
656,648,768,139,65,46,98,0,663904,786976,369,169,129,164,57,4
657,255,60,39,470,308,0,29,261120,62144,185,7442,2451,778,137,4
658,151,72,0,85,17,117,114,155552,73888,35,155,107,191,293,4
659,419,676,45,0,40,91,126,429312,693024,157,0,101,144,328,4
660,134,80,0,99,0,110,48,138016,82080,0,178,90,165,162,4
661,229,88,109,428,267,56,0,235424,90272,305,5116,1695,640,63,4
662,382,354,8,64,55,95,20,391200,363072,113,135,141,164,126,4
663,286,114,27,98,0,87,0,293856,117408,134,192,69,105,0,4
664,186,72,101,548,387,0,88,190976,74720,333,15197,5076,1641,233,4
665,155,83,0,81,22,82,0,159008,85760,80,155,95,113,89,4
666,458,1023,139,73,96,76,83,469376,1048544,368,197,212,169,223,4
667,365,634,101,0,87,12,55,374688,649952,261,14,154,66,173,4
668,228,61,0,484,332,0,57,233888,63264,5,8492,2972,952,177,4
669,213,63,23,322,205,6,42,219072,65184,138,1937,815,302,154,4
670,1023,1023,497,384,378,323,355,1048544,1048544,9269,4991,3841,3492,2575,4
671,407,830,20,0,0,82,61,417504,850368,125,38,44,93,183,4
672,167,92,0,0,24,59,76,171232,94400,51,0,71,73,209,4
673,126,531,0,0,36,114,46,129440,544288,0,0,110,196,160,4
674,415,1023,148,72,117,110,0,425024,1048544,400,209,279,272,61,4
675,154,74,0,0,51,84,0,157856,76224,0,28,120,139,45,4
676,428,1023,134,64,69,43,64,438752,1048544,353,171,145,84,187,4
677,126,122,0,0,0,86,0,129024,125472,29,0,40,100,101,4
678,352,892,62,16,63,64,0,361024,914016,184,81,134,112,17,4
679,169,101,0,37,43,67,94,173728,103712,61,85,108,100,245,4
680,145,82,0,0,32,0,21,148992,84640,9,0,65,0,127,4
681,518,1023,196,157,113,35,104,531136,1048544,618,469,268,126,269,4
682,137,72,0,2,0,77,102,140832,74400,76,33,20,71,263,4
683,156,86,0,25,15,55,64,160672,88704,0,56,67,61,187,4
684,210,90,77,553,397,0,88,215840,93152,287,15916,5493,1969,233,4
685,139,68,2,46,91,50,73,142496,69888,107,117,187,118,204,4
686,331,581,94,105,46,83,64,339552,595808,245,233,132,132,188,4
687,462,1023,127,69,108,75,0,473824,1048544,329,189,241,183,95,4
688,142,52,0,88,131,0,0,145472,53632,25,197,278,63,0,4
689,135,89,3,40,0,36,3,138656,91488,108,84,32,17,108,4
690,398,659,71,57,46,97,39,407648,675712,199,132,127,161,150,4
691,141,89,0,205,125,12,116,144640,91360,63,635,323,117,300,4
692,130,376,0,0,0,104,0,133760,385312,0,0,5,115,100,4
693,374,468,0,101,20,70,0,383744,479648,99,200,94,90,44,4
694,435,941,88,87,59,75,139,446048,963744,232,195,144,128,368,4
695,165,65,0,22,69,76,81,169696,67360,49,71,149,138,218,4
696,122,280,0,0,33,23,0,125216,286784,8,0,72,29,101,4
697,242,102,17,244,146,54,11,248480,105120,126,932,436,209,116,4
698,125,79,0,50,0,117,137,128896,80928,0,80,40,160,363,4
699,305,183,76,531,373,33,61,313248,187456,271,12964,4441,1627,183,4
700,427,654,5,23,23,47,57,437440,670112,109,70,74,55,177,4
701,130,78,0,0,43,18,0,133152,79904,69,0,84,32,52,4
702,178,77,0,59,29,86,67,182688,79776,19,109,101,126,192,4
703,390,954,0,79,75,0,0,399584,977280,98,165,147,27,49,4
704,581,753,98,67,7,86,0,595232,771456,254,148,77,113,101,4
705,366,677,117,0,26,75,98,375200,693376,302,0,75,102,255,4
706,181,76,16,592,427,0,98,185728,78048,229,22532,7391,2479,255,4
707,224,64,54,528,365,0,151,230016,66112,231,12587,4160,1349,412,4
708,445,669,29,65,67,21,40,456096,685696,136,142,136,55,151,4
709,369,725,0,5,0,92,66,378496,742784,85,35,13,93,191,4
710,164,66,0,0,38,14,56,168640,67904,83,0,76,23,174,4
711,276,255,0,172,101,0,42,283040,261632,70,454,236,65,154,4
712,191,74,0,419,274,11,50,196320,75936,84,4717,1712,623,165,4
713,149,60,0,30,0,54,0,152864,62112,33,61,33,41,9,4
714,325,434,0,5,107,0,0,333024,444800,81,71,207,77,13,4
715,150,68,0,83,0,101,104,154400,69728,13,132,0,98,269,4
716,167,125,0,591,418,0,90,172000,128992,167,22208,6989,2234,238,4
717,626,694,75,0,115,38,0,641824,711008,205,1,226,134,87,4
718,175,64,0,59,0,32,38,179808,65888,51,105,39,14,149,4
719,134,79,0,63,0,81,29,137888,81760,101,117,48,87,137,4
720,151,73,37,46,27,82,0,154720,75488,147,105,94,116,31,4
721,317,1023,53,29,46,123,67,325504,1048544,169,89,136,228,193,4
722,145,92,0,29,6,70,36,148608,94624,92,72,64,82,146,4
723,155,68,0,48,75,0,0,159072,69792,69,109,139,15,0,4
724,474,585,39,52,19,85,31,485632,600000,149,112,87,117,139,4
725,157,251,0,0,0,21,5,160864,257056,0,0,23,0,110,4
726,234,1023,93,95,39,121,54,240032,1048544,243,208,139,219,171,4
727,118,52,0,76,0,70,38,121376,54208,66,139,66,77,148,4
728,182,94,11,431,291,0,39,186816,96640,140,5257,1958,641,150,4
729,232,85,83,516,350,0,0,238208,87136,276,11287,3664,1228,52,4
730,172,617,0,0,13,75,122,176128,631840,94,0,64,95,316,4
731,167,873,0,0,29,75,71,171712,894272,0,25,87,105,199,4
732,235,62,0,492,332,0,5,240928,64224,75,9054,3033,993,110,4
733,190,122,40,20,36,112,0,194656,125888,150,74,115,190,80,4
734,126,68,0,0,0,80,0,129632,70304,44,0,17,76,42,4
735,320,554,0,88,26,81,65,328320,567488,101,172,101,113,190,4
736,149,71,0,215,138,63,47,153440,72768,0,695,387,210,161,4
737,342,129,114,0,110,104,118,350336,132096,292,76,245,248,304,4
738,123,298,58,60,150,35,94,126688,305152,177,175,353,190,246,4
739,470,813,57,63,55,68,52,481824,832768,175,141,131,112,168,4
740,196,83,106,515,355,81,55,200928,85792,327,11207,3801,1455,173,4
741,164,80,0,214,98,58,35,168896,81952,27,674,274,141,145,4
742,202,104,82,500,337,0,31,207168,106528,266,9751,3239,1129,139,4
743,349,213,24,109,50,37,0,358144,218592,131,230,125,60,79,4
744,194,78,31,614,443,0,47,199168,80512,270,27360,8674,2667,161,4
745,452,694,97,101,51,16,89,463424,711168,253,227,119,36,235,4
746,126,84,0,82,22,86,110,129760,86368,49,153,97,122,284,4
747,475,1023,0,41,47,22,0,486400,1048544,7,84,101,39,98,4
748,141,84,32,109,33,77,49,145216,86400,141,227,114,111,164,4
749,356,1023,248,134,163,176,152,365536,1048544,987,462,501,590,413,4
750,129,70,47,80,45,106,95,132352,72352,161,167,135,182,249,4
751,485,1023,119,68,41,133,61,497024,1048544,306,165,143,255,183,4
752,163,628,0,0,0,74,0,167232,643232,0,0,33,74,17,4
753,428,803,71,71,65,53,0,439072,822912,199,161,144,96,0,4
754,425,973,77,76,66,112,0,436192,996448,211,173,170,215,81,4
755,166,92,0,29,0,107,33,170464,94848,11,60,74,157,142,4
756,172,225,151,30,71,32,69,176704,231392,411,129,141,73,197,4
757,277,1023,97,93,122,28,33,283872,1048544,253,232,269,132,142,4
758,129,114,0,0,0,46,46,132384,116960,0,0,0,15,159,4
759,272,472,0,24,0,97,0,279136,484256,0,46,33,113,9,4
760,449,872,60,67,84,82,60,459904,893856,181,157,187,165,181,4
761,140,74,0,3,79,0,75,143872,75936,22,51,141,23,208,4
762,154,54,0,8,57,34,19,158208,55360,44,52,114,62,125,4
763,446,827,70,45,33,60,19,457344,847648,198,112,93,81,125,4
764,132,124,56,29,40,36,90,135456,127616,173,89,93,51,237,4
765,193,78,0,490,326,40,30,198144,80160,145,8919,2943,1064,138,4
766,361,705,0,82,0,72,0,369984,722880,21,134,7,48,0,4
767,530,1023,139,54,17,65,78,543136,1048544,369,145,78,79,212,4
768,145,79,60,0,37,84,104,149024,81248,180,52,101,128,270,4
769,129,87,0,0,0,79,93,132128,89376,81,24,16,72,243,4
770,369,857,146,78,157,14,99,378304,878240,392,240,377,179,256,4
771,155,68,0,0,11,92,0,159264,70336,11,0,70,127,21,4
772,225,53,10,264,179,3,126,230976,54592,120,1144,580,220,327,4
773,470,766,118,73,120,32,168,481504,785376,304,199,259,133,479,4
774,378,558,64,0,80,86,41,387680,571712,187,66,170,169,153,4
775,121,87,0,0,0,104,56,124736,90048,40,0,26,128,175,4
776,132,74,0,110,0,109,91,135200,76640,48,212,91,161,240,4
777,156,63,0,70,0,30,0,160416,65408,72,127,47,15,63,5
778,252,123,82,498,334,0,98,258784,126112,265,9613,3129,959,254,5
779,201,42,0,76,0,98,0,206080,43104,0,127,59,125,9,5
780,138,55,0,103,43,69,0,141440,56800,36,201,123,104,93,5
781,214,144,56,76,82,60,88,219488,148096,174,173,178,124,232,5
782,275,71,23,531,376,0,99,282528,73632,191,13017,4464,1321,256,5
783,214,107,5,528,368,67,49,220128,110080,170,12580,4288,1611,164,5
784,177,89,0,0,66,0,0,181312,92032,14,0,112,16,51,5
785,405,686,104,135,81,47,2,415520,702816,269,332,190,103,107,5
786,139,70,0,0,0,126,2,143328,72608,0,0,37,184,107,5
787,457,753,16,0,71,31,0,468896,771200,121,32,134,72,28,5
788,370,583,0,28,33,29,0,379712,597504,13,65,81,36,65,5
789,198,741,147,100,126,75,0,203712,758784,397,271,297,209,40,5
790,137,112,0,114,111,8,0,140480,115360,52,253,241,93,89,5
791,424,1023,100,204,90,80,0,435136,1048544,262,639,255,169,91,5
792,164,73,0,14,0,81,0,168864,75488,0,36,32,84,0,5
793,178,61,0,0,1,81,0,182592,62880,79,0,55,100,70,5
794,186,98,0,0,27,50,0,191232,100480,39,21,74,61,80,5
795,192,58,29,604,440,0,128,197216,60352,257,25118,8312,2816,335,5
796,144,57,0,220,116,92,0,147712,58432,37,720,336,228,76,5
797,154,122,0,100,42,57,38,158080,125472,76,199,116,83,149,5
798,128,92,41,0,97,0,0,131520,94944,151,18,173,52,76,5
799,655,1023,190,68,63,128,143,671584,1048544,584,206,173,259,382,5
800,125,65,0,66,33,57,0,128928,67296,14,121,97,77,4,5
801,390,884,61,37,61,58,40,400288,906112,181,105,132,100,151,5
802,628,210,171,57,81,47,3,643936,215200,492,182,168,103,108,5
803,211,75,15,496,339,0,6,216096,77536,165,9457,3225,1072,111,5
804,221,65,0,475,320,32,76,226464,67488,117,7832,2717,1001,209,5
805,232,54,29,496,336,54,80,237568,55936,181,9422,3190,1188,217,5
806,164,84,0,50,28,68,37,168928,86048,25,95,91,91,147,5
807,333,1000,102,79,45,62,29,341792,1024864,263,179,116,92,137,5
808,336,1023,0,0,56,28,0,344352,1048544,76,0,104,53,11,5
809,461,696,47,10,41,76,0,472896,713536,160,66,104,115,0,5
810,221,66,0,513,355,0,55,226976,67968,25,11004,3711,1068,173,5
811,139,68,0,22,0,59,49,142912,69920,0,47,36,50,164,5
812,409,732,44,89,44,78,29,419456,749696,157,185,124,121,137,5
813,313,204,90,132,50,103,106,320640,209760,237,308,157,180,275,5
814,167,69,60,594,425,94,94,171520,70944,290,22879,7431,2734,245,5
815,422,144,97,49,65,0,0,432896,148000,251,132,125,29,85,5
816,351,110,77,610,445,0,127,359552,112640,337,26492,8752,3040,330,5
817,130,295,0,57,35,0,0,133376,302880,0,104,81,0,105,5
818,154,69,32,12,3,109,84,158368,71008,140,58,75,162,225,5
819,181,109,0,43,9,105,145,186208,111648,26,81,84,157,389,5
820,448,1023,118,37,147,0,115,459264,1048544,304,156,324,114,298,5
821,110,342,0,0,17,62,0,112864,351104,0,0,65,73,27,5
822,443,846,117,55,49,70,38,453888,866400,301,144,121,110,149,5
823,211,67,0,420,239,130,38,216256,69408,127,4675,1417,660,148,5
824,254,72,70,368,210,102,0,260832,74496,211,2933,989,469,65,5
825,189,46,0,25,15,61,59,194080,47648,46,62,69,71,179,5
826,168,65,26,54,0,113,0,172832,67488,132,108,71,165,93,5
827,375,707,102,1,92,69,84,384448,724512,263,85,190,151,225,5
828,137,61,0,25,62,35,57,140544,62496,19,69,125,68,177,5
829,151,49,0,55,0,79,61,155360,50464,41,90,7,63,182,5
830,183,90,50,0,85,11,106,187904,92896,165,65,159,63,273,5
831,207,71,0,539,370,35,80,211968,73376,114,13863,4479,1589,217,5
832,201,79,0,514,342,123,93,206208,81632,135,11070,3529,1399,243,5
833,133,87,0,89,7,78,78,137088,90016,48,163,79,97,212,5
834,229,189,38,431,275,0,0,235456,193536,172,5231,1775,614,83,5
835,155,76,0,0,15,89,0,159616,78144,0,17,75,123,105,5
836,502,1023,0,0,0,33,93,514656,1048544,0,0,0,0,243,5
837,347,550,57,36,13,115,105,356256,563520,175,93,92,184,272,5
838,137,82,41,108,4,124,38,140416,84832,153,221,103,203,149,5
839,134,70,0,122,66,0,48,137760,72064,4,253,144,21,162,5
840,342,596,122,114,72,124,19,350240,610976,317,272,197,255,125,5
841,195,64,27,561,399,0,17,200544,66016,216,17056,5652,1743,123,5
842,150,198,0,6,44,64,69,153728,202752,55,48,103,95,196,5
843,227,72,0,224,138,0,0,232896,74240,1,756,373,116,57,5
844,327,676,46,0,31,78,0,335680,692224,159,34,89,112,26,5
845,186,99,108,439,299,0,83,190752,101472,305,5684,2101,656,223,5
846,249,100,56,447,290,20,4,255360,102432,203,6064,2063,740,109,5
847,212,868,0,0,0,88,0,217088,888832,21,0,0,80,77,5
848,232,67,0,265,138,85,94,237568,68864,109,1123,444,250,245,5
849,152,58,0,71,0,70,43,156192,59424,0,121,62,76,156,5
850,393,690,26,13,43,62,0,402880,707328,132,65,102,91,61,5
851,193,59,0,110,86,16,0,197920,61216,20,229,184,70,100,5
852,166,76,0,69,0,52,0,170272,77984,36,122,56,47,91,5
853,157,84,0,0,8,38,41,161152,86944,34,31,52,33,153,5
854,539,1023,0,10,0,35,43,552672,1048544,13,31,0,0,155,5
855,444,552,9,0,0,120,0,454656,565536,113,29,37,168,60,5
856,127,89,9,67,77,104,82,130080,91552,114,147,184,207,221,5
857,419,558,28,75,87,56,0,429696,571712,135,167,187,124,34,5
858,500,684,87,62,55,91,38,512864,701344,231,147,140,157,149,5
859,137,71,0,32,0,104,0,140288,73472,0,55,33,127,80,5
860,187,70,0,6,14,91,101,192032,72288,0,35,77,127,262,5
861,443,1023,266,120,264,108,253,454624,1048544,1160,555,1122,723,1031,5
862,204,93,57,522,364,63,98,209856,95264,232,11926,4107,1548,255,5
863,132,285,0,0,0,77,3,135168,291872,0,0,21,73,108,5
864,429,1023,105,58,40,96,0,440000,1048544,271,142,119,155,87,5
865,592,207,77,0,73,0,118,606944,212352,209,33,121,0,306,5
866,141,57,13,0,60,71,0,144768,59136,117,21,126,122,0,5
867,135,71,15,0,0,110,123,138912,73696,120,15,40,148,320,5
868,156,87,70,63,32,64,47,160224,89760,198,139,97,87,161,5
869,168,50,3,531,377,0,99,172832,51264,169,12933,4472,1311,258,5
870,384,587,90,70,0,97,55,393568,601920,236,149,62,125,173,5
871,222,386,22,25,42,98,15,228000,395616,128,78,117,161,121,5
872,122,344,0,11,89,67,43,125440,352256,73,69,183,143,155,5
873,168,54,10,34,0,21,0,172672,55808,115,78,31,0,41,5
874,518,756,65,14,73,36,0,530784,774560,188,82,143,80,82,5
875,134,45,0,0,65,60,40,137664,46240,5,0,130,108,151,5
876,211,72,0,541,380,0,73,216992,74368,105,14140,4759,1600,204,5
877,412,549,49,62,68,55,61,422560,562752,164,142,147,102,183,5
878,435,754,58,0,117,0,14,446432,772160,176,45,225,81,120,5
879,291,871,73,94,86,66,35,298880,892416,203,213,192,139,145,5
880,145,60,0,0,0,44,38,149408,62048,73,14,0,13,149,5
881,656,218,165,0,99,0,67,671872,223392,465,82,181,55,193,5
882,155,49,0,42,79,80,83,159040,50400,68,102,173,156,222,5
883,197,67,68,531,369,0,129,202432,68960,255,12925,4289,1399,338,5
884,230,67,0,529,365,0,0,236416,68704,109,12716,4196,1473,37,5
885,405,849,81,0,108,0,4,415136,869664,217,45,200,61,109,5
886,259,105,138,475,314,84,72,265472,107776,401,7829,2629,1028,201,5
887,345,1023,91,29,71,91,41,353600,1048544,238,105,160,171,153,5
888,149,97,0,0,0,77,55,153152,99712,28,5,35,80,173,5
889,202,121,55,469,322,0,42,207264,124256,208,7406,2632,704,154,5
890,366,889,58,112,86,72,118,375232,910784,178,255,199,148,304,5
891,341,527,0,0,64,73,4,349472,539680,103,50,137,129,109,5
892,235,166,8,490,337,0,32,240864,170656,155,8941,3085,911,141,5
893,254,108,108,601,436,10,110,261024,110944,395,24311,8042,2867,284,5
894,242,66,0,385,223,77,5,248352,68288,0,3410,1127,466,110,5
895,129,63,0,0,39,33,70,132672,64672,0,17,85,46,198,5
896,121,53,0,88,0,106,72,124864,54816,26,156,70,145,202,5
897,131,67,0,0,43,92,0,134816,69568,0,31,112,148,101,5
898,132,81,0,0,48,73,0,135360,83616,73,44,112,114,60,5
899,133,78,0,17,0,87,0,136992,80544,15,41,31,93,67,5
900,490,186,134,43,79,33,68,501920,191232,351,141,157,82,195,5
901,443,1011,43,111,37,66,57,454272,1035328,155,234,115,93,176,5
902,209,108,46,353,219,71,32,214528,111520,170,2572,991,437,141,5
903,140,82,0,29,100,0,95,144160,84672,99,97,191,60,249,5
904,407,760,26,0,84,85,0,416832,778656,132,0,171,172,63,5
905,407,1023,156,57,117,54,65,416928,1048544,427,186,255,160,190,5
906,133,95,51,0,21,121,112,136960,97984,165,0,93,205,288,5
907,188,676,0,35,17,55,119,192608,693024,60,76,71,62,309,5
908,198,61,35,590,420,0,89,203584,62592,249,21950,7020,2179,236,5
909,439,1023,193,112,141,102,43,449600,1048544,599,333,359,293,155,5
910,121,77,0,0,0,97,0,124288,79328,71,13,54,127,54,5
911,162,49,0,58,95,76,97,166112,50976,56,130,208,167,252,5
912,122,313,0,0,0,26,62,125312,321024,0,6,14,0,185,5
913,229,189,0,0,43,56,0,235008,194048,72,0,93,81,0,5
914,447,900,96,0,92,93,7,458304,922048,250,76,199,199,112,5
915,144,78,0,0,47,45,5,147936,80736,0,24,100,69,110,5
916,387,639,12,0,48,18,15,396352,654880,116,0,90,35,121,5
917,259,96,0,260,118,39,64,265312,98752,37,1055,361,139,187,5
918,123,62,0,48,0,117,57,126656,63488,98,96,78,180,177,5
919,145,106,0,22,88,0,118,148960,109184,104,85,160,29,304,5
920,143,68,0,89,0,105,12,147040,70112,21,148,23,117,118,5
921,214,130,60,569,401,0,95,219776,133632,268,18178,5916,2062,247,5
922,132,391,0,27,30,48,82,136064,400768,77,71,83,61,220,5
923,186,73,0,466,317,0,0,191392,75072,103,7192,2561,853,53,5
924,139,62,0,0,1,78,88,143040,64448,68,28,57,93,232,5
925,545,1023,151,88,106,48,0,558880,1048544,412,236,231,135,94,5
926,171,55,49,0,8,64,48,175168,57248,163,25,57,72,162,5
927,184,63,17,603,440,0,50,188672,64960,241,24746,8260,2847,165,5
928,809,1023,258,491,350,96,192,829376,1048544,1121,9232,3453,1425,596,5
929,438,729,30,17,89,0,0,449184,747232,137,84,161,26,95,5
930,167,55,0,32,28,69,86,171456,57056,66,76,88,93,228,5
931,181,53,56,308,160,39,48,186144,54688,182,1683,571,216,163,5
932,378,486,115,0,92,52,0,387104,497952,296,73,181,122,27,5
933,207,103,0,538,377,0,114,212128,105856,166,13785,4612,1543,293,5
934,140,86,0,0,9,34,35,144192,88864,19,26,51,28,145,5
935,199,82,0,480,325,0,93,204416,84832,105,8176,2816,945,244,6
936,169,83,0,0,79,23,0,173632,85376,32,40,149,70,52,6
937,339,216,29,197,89,56,62,347168,221888,139,583,240,126,185,6
938,1023,1023,514,597,479,372,428,1048544,1048544,10913,25270,11068,7153,4950,6
939,207,64,4,494,334,1,77,212480,65856,153,9232,3120,1103,211,6
940,153,81,0,0,0,75,0,157664,83328,0,0,25,71,59,6
941,539,1023,213,124,145,76,111,552704,1048544,715,386,367,246,287,6
942,355,460,7,0,0,50,0,363680,472032,111,0,16,31,0,6
943,296,175,17,515,361,0,7,303776,179776,176,11223,3909,1381,112,6
944,203,47,0,405,257,14,0,208608,48480,55,4135,1465,526,0,6
945,259,1023,36,26,91,3,12,265376,1048544,145,96,172,61,118,6
946,220,51,0,371,228,0,86,225760,52224,41,3010,1087,368,229,6
947,141,85,0,52,7,82,0,145280,87872,14,93,73,105,104,6
948,209,95,24,532,371,0,38,214400,98208,192,13029,4364,1410,149,6
949,137,64,0,34,76,4,41,140288,66080,0,81,144,46,153,6
950,211,74,2,497,341,0,31,216960,75936,152,9544,3269,1101,139,6
951,397,696,66,27,44,124,43,406848,713280,190,89,134,230,155,6
952,222,85,10,488,341,0,38,227424,87904,156,8800,3151,953,148,6
953,425,711,33,71,0,112,38,435424,728960,141,133,39,145,149,6
954,145,78,0,94,10,91,48,148736,80288,31,173,89,124,163,6
955,422,956,152,126,82,129,125,433088,979168,415,323,223,279,324,6
956,152,656,0,66,0,100,0,156608,672224,63,116,51,125,70,6
957,354,162,72,4,101,52,109,363232,166624,201,83,205,135,282,6
958,359,1023,99,107,40,56,0,368352,1048544,258,239,115,80,0,6
959,408,642,83,8,53,24,48,418048,658016,221,75,106,46,162,6
960,435,907,69,75,56,74,2,445600,929600,195,165,136,123,107,6
961,123,68,0,0,34,80,0,126368,69792,17,0,91,117,84,6
962,149,734,0,20,0,126,102,153568,752128,25,37,0,162,264,6
963,144,96,0,79,65,13,0,147584,99040,0,149,135,45,82,6
964,362,1023,104,65,101,73,84,370720,1048544,269,172,221,169,225,6
965,144,104,39,0,35,30,21,147744,107200,148,32,79,40,127,6
966,402,685,56,37,95,61,74,411712,702368,173,115,199,141,205,6
967,413,565,139,10,65,92,81,423776,578560,368,99,148,167,219,6
968,564,1023,61,60,21,109,0,578080,1048544,182,130,102,173,70,6
969,157,83,0,0,46,37,84,161696,85440,35,0,93,57,224,6
970,173,90,0,0,59,0,60,177152,93152,73,13,104,20,181,6
971,146,62,0,55,0,86,19,149792,64000,0,91,52,99,125,6
972,191,536,0,0,12,63,153,196256,549408,6,0,60,73,418,6
973,276,90,86,443,279,51,20,283104,92960,255,5825,1908,705,126,6
974,157,90,0,0,50,42,104,161312,92320,0,0,101,67,269,6
975,380,627,0,0,36,95,0,389472,642368,40,0,100,151,15,6
976,138,71,0,0,39,59,41,142208,72736,63,0,89,84,152,6
977,133,67,0,0,40,67,21,136544,69184,68,0,93,97,127,6
978,346,569,113,80,74,64,123,354688,583520,290,192,165,122,319,6
979,147,49,0,2,0,111,93,150560,51008,27,32,68,164,244,6
980,451,594,63,25,81,72,0,461952,608608,185,96,171,143,86,6
981,427,821,44,96,0,67,23,437376,840736,156,187,35,53,130,6
982,172,63,0,27,23,26,65,176480,64768,35,64,69,27,189,6
983,130,76,0,54,12,67,102,133248,78208,0,95,73,80,265,6
984,139,66,250,160,265,165,272,142336,68224,999,669,1189,917,1215,6
985,134,61,0,0,0,103,0,138112,62880,59,0,12,118,42,6
986,254,104,17,561,395,0,93,260992,106496,204,16988,5548,1877,243,6
987,390,908,82,86,61,98,0,399648,930720,221,191,157,176,104,6
988,240,118,51,536,385,0,88,246560,121632,231,13633,4806,1517,233,6
989,136,80,0,0,0,64,0,140000,82656,51,16,37,61,81,6
990,389,1023,129,82,99,60,72,398816,1048544,337,212,216,145,201,6
991,484,951,37,76,44,110,38,496544,974720,146,158,135,193,149,6
992,402,727,0,120,34,98,105,412416,745376,67,247,128,155,271,6
993,151,102,61,109,61,63,37,155616,104640,182,240,149,108,147,6
994,205,46,0,451,292,47,95,210080,47872,133,6282,2124,790,247,6
995,587,221,0,82,0,70,35,601632,227104,48,145,50,69,144,6
996,193,82,0,0,1,55,107,197952,84000,89,16,47,53,277,6
997,113,198,0,24,0,84,0,116544,203520,0,44,11,77,72,6
998,330,665,0,5,58,0,52,338272,681344,101,57,108,25,168,6
999,168,73,49,0,69,100,41,172128,75552,163,57,156,189,153,6
1000,185,96,6,1,83,17,0,190304,99072,110,62,157,68,12,6
1001,174,104,0,0,89,9,72,178400,106560,65,0,159,65,202,6
1002,154,75,0,0,1,71,91,157728,77312,17,0,52,80,240,6
1003,336,527,99,34,94,42,0,344736,540288,256,121,189,111,84,6
1004,129,75,0,70,28,48,98,133024,77408,0,125,88,59,255,6
1005,348,520,5,0,73,50,76,356992,533088,109,0,139,100,210,6
1006,151,54,27,0,67,87,0,155296,56160,134,55,147,159,78,6
1007,405,649,63,54,92,85,29,415648,665312,186,140,203,181,137,6
1008,175,68,0,494,338,0,43,179232,70048,109,9273,3165,1020,155,6
1009,227,55,0,523,345,77,88,233344,57248,114,11927,3673,1326,233,6
1010,141,65,0,0,81,36,12,144800,66944,56,0,150,88,118,6
1011,224,87,18,477,322,0,0,229504,89696,161,7939,2720,861,21,6
1012,367,1023,208,142,132,171,62,376000,1048544,686,429,388,505,184,6
1013,234,72,0,548,372,158,7,240160,74400,166,15080,4728,1909,112,6
1014,162,66,0,46,6,59,0,166528,68544,0,81,62,62,48,6
1015,150,68,0,0,37,65,0,153920,70240,6,0,89,91,73,6
1016,173,67,0,36,90,0,0,177792,68832,61,97,169,48,2,6
1017,509,513,65,51,56,104,29,521472,525856,188,124,145,186,137,6
1018,135,99,0,15,0,76,0,138976,101888,47,47,50,85,67,6
1019,324,849,85,60,14,87,0,332704,870176,225,135,84,118,0,6
1020,217,61,0,369,227,5,99,222944,62752,87,2974,1081,380,257,6
1021,306,693,29,82,16,97,24,314112,710176,136,163,95,141,131,6
1022,456,899,45,44,26,101,0,466976,921184,157,103,101,157,0,6
1023,144,80,0,97,58,60,0,148352,82720,48,192,141,101,76,6
1024,136,86,0,0,0,75,0,140096,88512,28,0,49,85,25,6
1025,174,69,0,0,8,65,71,179168,70752,29,0,56,74,199,6
1026,139,60,0,0,46,69,48,142880,62080,48,0,103,106,162,6
1027,135,77,0,6,0,91,0,139232,79168,0,22,0,85,66,6
1028,146,74,4,55,83,19,0,150016,76416,109,128,164,69,15,6
1029,427,181,73,61,29,78,0,438208,185824,202,136,97,109,103,6
1030,183,69,0,506,334,87,0,187424,71456,47,10313,3267,1223,75,6
1031,398,909,123,137,27,103,23,408544,931616,320,329,127,163,130,6
1032,432,1023,140,63,76,60,16,443264,1048544,372,174,163,118,122,6
1033,159,68,0,44,24,114,115,163040,70048,39,87,105,187,297,6
1034,184,116,0,31,41,84,0,189312,119712,91,80,111,131,27,6
1035,203,65,22,559,395,0,72,207904,66624,207,16611,5513,1898,201,6
1036,139,76,19,83,0,99,130,142656,77888,125,158,61,126,339,6
1037,331,413,15,0,37,56,0,339296,423552,119,24,88,77,82,6
1038,151,55,0,0,0,74,0,155008,56864,63,0,33,75,19,6
1039,190,73,55,501,351,0,7,195552,75136,220,9941,3553,1297,112,6
1040,614,1023,109,52,60,10,126,628960,1048544,281,140,120,37,327,6
1041,175,85,0,85,75,0,33,180064,87232,59,172,150,32,142,6
1042,129,93,0,82,26,48,0,132480,95552,0,146,88,58,92,6
1043,201,63,29,560,379,152,79,206336,65120,217,16729,5119,1997,215,6
1044,144,78,0,0,75,24,100,147488,80160,94,0,135,66,260,6
1045,386,537,0,61,53,42,37,396192,550272,73,124,118,69,147,6
1046,227,1002,106,64,68,56,149,232864,1026432,273,159,148,103,404,6
1047,217,171,0,0,86,2,57,222880,175264,0,0,153,55,177,6
1048,121,71,0,0,89,0,86,124576,72736,13,0,148,0,229,6
1049,158,647,0,0,0,42,0,162208,663328,9,0,0,10,20,6
1050,212,149,132,543,385,52,66,217312,152864,416,14544,4970,1843,191,6
1051,423,874,114,87,57,93,55,433248,895328,294,203,149,163,173,6
1052,175,176,150,98,142,117,147,179616,180832,408,275,365,331,396,6
1053,230,71,0,454,296,0,9,236032,73696,29,6423,2180,748,114,6
1054,233,293,23,81,15,96,26,239328,300416,129,160,93,139,133,6
1055,116,119,0,24,46,51,0,119584,122496,0,61,105,77,67,6
1056,122,73,0,29,0,83,19,125216,74912,105,69,40,90,125,6
1057,450,809,124,63,152,89,60,461792,828576,320,201,379,284,181,6
1058,153,61,0,23,7,110,49,156704,62720,50,59,81,167,164,6
1059,163,67,0,0,71,59,15,167136,69024,36,7,140,111,121,6
1060,142,72,10,141,108,33,37,145920,74528,116,341,247,116,147,6
1061,468,777,82,107,0,135,0,479328,796480,221,217,52,206,73,6
1062,192,76,0,0,67,0,11,197440,77984,58,7,116,26,116,6
1063,205,136,128,645,479,0,121,210176,139648,508,36352,11890,4043,313,6
1064,221,76,57,421,267,22,122,227296,78336,198,4763,1636,589,315,6
1065,420,910,41,59,85,38,0,430240,932736,152,140,173,94,83,6
1066,171,66,0,72,14,76,99,176032,67936,70,135,82,97,256,6
1067,132,79,39,0,28,75,89,136160,81792,149,0,80,103,236,6
1068,142,69,0,31,33,62,46,145664,71616,14,68,92,85,159,6
1069,191,73,59,492,335,0,21,196192,75008,221,9080,3095,996,127,6
1070,337,1023,148,91,98,34,25,345216,1048544,401,239,208,105,132,6
1071,372,636,15,0,36,59,120,381376,651776,119,5,85,82,311,6
1072,144,83,53,62,0,86,0,148448,85120,169,125,49,98,96,6
1073,254,146,0,410,275,0,0,260576,149792,107,4345,1660,536,20,6
1074,452,896,74,0,35,92,0,463488,918272,204,43,100,142,92,6
1075,214,67,0,512,347,0,22,219424,69248,135,10888,3544,1140,129,6
1076,155,72,0,64,0,107,26,159584,73984,0,98,17,122,133,6
1077,354,527,87,98,98,58,0,362752,540064,230,232,217,140,21,6
1078,158,72,9,82,38,80,66,162656,74304,114,164,115,121,191,6
1079,137,56,53,83,41,114,87,140736,57728,169,173,134,199,230,6
1080,154,55,66,447,280,136,79,158624,56672,219,6020,1973,897,215,6
1081,172,83,0,24,13,53,4,176928,85280,100,67,64,57,109,6
1082,376,779,39,67,47,85,75,385152,798112,149,143,125,136,207,6
1083,173,623,0,7,0,110,46,177376,638432,71,42,66,161,160,6
1084,349,288,141,46,73,89,12,357504,295200,373,147,166,169,118,6
1085,212,65,0,525,355,0,102,217728,67232,122,12200,3904,1307,264,6
1086,439,590,0,0,101,0,0,450400,604864,39,56,189,59,101,6
1087,457,861,0,38,16,56,1,468448,881824,98,86,71,64,106,6
1088,165,65,0,15,0,71,43,169248,67232,0,38,35,68,156,6
1089,230,80,17,463,304,0,91,235552,82496,155,7009,2352,778,239,6
1090,156,303,0,0,21,3,7,160256,310272,7,0,54,0,112,6
1091,408,1023,84,62,49,90,0,418208,1048544,224,145,129,148,87,6
1092,128,59,0,0,38,0,9,131808,60896,1,2,73,0,114,6
1093,183,70,0,416,253,56,0,187392,71872,68,4526,1487,561,87,6
1094,417,1023,115,7,105,29,0,427232,1048544,297,100,208,108,29,6
1095,396,790,55,55,46,106,4,405568,809248,172,126,131,183,109,6
1096,154,71,0,0,0,67,30,158112,72864,40,0,29,62,138,6
1097,461,1023,93,128,58,55,35,472736,1048544,243,300,149,93,144,6
1098,377,829,78,51,70,75,0,386944,849856,213,131,156,138,31,6
1099,155,126,21,0,52,0,34,158720,129920,126,0,90,13,143,6
1100,465,826,100,70,77,74,83,476800,846784,259,171,172,144,223,6
1101,136,510,6,77,0,109,46,139264,522656,111,142,59,148,159,6
1102,186,70,0,83,0,63,89,190816,72384,94,153,41,52,235,6
1103,447,1023,48,32,74,12,0,457856,1048544,161,100,142,52,48,6
1104,137,69,0,73,5,74,0,140896,71136,104,140,72,88,85,6
1105,121,66,44,0,73,13,80,124672,68160,155,57,135,52,216,6
1106,166,62,0,36,31,81,0,170496,64480,64,81,97,117,85,6
1107,120,94,22,0,3,37,25,123264,96768,127,36,45,28,132,6
1108,359,164,0,0,31,40,29,367936,168256,72,0,73,50,137,6
1109,198,70,0,540,380,0,91,203392,72416,145,14074,4735,1594,239,6
1110,158,62,52,0,61,74,119,162144,63776,167,55,132,127,308,6
1111,224,68,0,477,305,90,46,229920,70304,67,7905,2500,959,160,7
1112,149,75,0,0,35,28,50,152864,77088,53,34,80,37,165,7
1113,301,417,67,69,0,88,0,308224,427200,193,137,35,92,98,7
1114,607,362,171,0,94,117,0,621632,371104,491,110,216,261,0,7
1115,141,66,0,17,0,79,0,145056,68128,28,39,8,67,88,7
1116,383,677,36,75,77,79,105,392832,693504,145,165,175,153,271,7
1117,385,561,111,40,56,75,0,394624,574592,286,122,131,126,39,7
1118,429,783,108,88,78,58,8,440192,801824,278,209,172,116,113,7
1119,136,48,53,0,126,0,83,139808,49600,169,65,245,54,223,7
1120,389,780,142,147,121,99,0,398560,799712,380,400,308,252,28,7
1121,220,103,27,336,211,0,46,225376,106176,144,2215,875,291,160,7
1122,479,1023,122,50,68,130,85,490656,1048544,316,144,179,268,226,7
1123,138,80,0,122,21,101,0,141952,82912,0,241,114,153,93,7
1124,168,85,0,0,34,57,0,172672,87072,0,24,86,76,69,7
1125,215,855,1,0,17,81,63,220320,875648,105,0,70,108,186,7
1126,412,399,41,35,84,54,74,422144,409376,152,106,172,116,205,7
1127,347,560,26,55,34,61,0,356000,574080,132,118,97,84,23,7
1128,166,64,46,106,0,105,102,170592,65952,159,214,79,145,265,7
1129,140,135,0,34,21,18,0,143520,138528,75,78,65,16,52,7
1130,153,82,0,0,93,0,22,157216,84096,5,0,156,4,129,7
1131,447,767,103,12,87,46,0,458336,786304,266,95,172,108,61,7
1132,376,604,72,12,55,46,3,385344,619136,201,77,115,76,108,7
1133,125,76,0,26,99,36,3,128704,78784,4,80,198,109,108,7
1134,374,141,45,0,33,55,6,383904,145056,157,49,85,73,111,7
1135,131,52,0,0,57,80,115,134272,54176,21,0,124,136,297,7
1136,415,529,88,41,109,56,104,425792,542176,233,134,231,151,269,7
1137,529,750,0,0,0,83,0,542592,768960,67,0,42,95,104,7
1138,425,174,0,17,58,42,95,435488,178208,93,68,120,74,247,7
1139,151,114,0,155,123,32,54,154944,117408,58,388,293,138,172,7
1140,428,1023,189,133,102,132,59,438336,1048544,579,374,273,315,179,7
1141,187,71,0,402,257,77,0,191840,72928,64,4002,1475,622,90,7
1142,392,584,108,52,75,114,4,402048,598976,279,143,183,231,109,7
1143,142,57,0,51,38,99,88,145632,59296,92,107,116,161,233,7
1144,417,738,84,2,159,33,0,427488,756352,224,113,377,206,55,7
1145,226,101,0,0,3,75,24,232416,103552,84,21,57,89,131,7
1146,379,435,16,0,67,0,35,388672,445664,121,52,119,18,144,7
1147,533,906,84,0,63,65,132,546688,928416,223,41,129,113,346,7
1148,159,84,0,0,58,37,73,162816,86496,83,48,115,66,203,7
1149,423,578,19,78,55,82,64,433184,592576,125,161,139,138,188,7
1150,155,51,71,342,184,18,0,159616,52928,209,2305,744,249,28,7
1151,150,65,0,0,77,0,90,154464,67360,60,37,135,23,237,7
1152,189,66,22,426,285,0,22,194080,68384,151,5012,1840,554,129,7
1153,257,104,22,14,8,100,13,263424,107168,127,59,76,143,119,7
1154,525,1023,161,0,96,90,0,538400,1048544,446,29,197,197,29,7
1155,1023,1023,62,68,95,52,239,1048544,1048544,183,164,201,127,910,7
