,0,1,2,3,4,5,6,7
0,255040,100672,172,21504,6691,2196,205,0
1,150784,89216,80,405,163,40,130,0
2,153792,79264,0,65,40,30,132,0
3,411200,597440,197,69,81,112,159,0
4,132544,77888,17,13,95,0,67,0
5,153984,73600,81,131,85,63,14,0
6,128128,83840,99,125,119,205,133,0
7,146976,61760,129,37,189,191,81,0
8,306720,1048544,89,0,49,92,215,0
9,194624,61792,0,113,0,91,97,0
10,620000,822752,189,92,85,139,273,0
11,129024,75296,77,41,54,111,77,0
12,536480,1048544,257,63,26,45,145,0
13,424320,1048544,473,405,371,320,377,0
14,161824,75040,60,0,93,124,180,0
15,152992,55584,54,76,166,150,60,0
16,168192,85504,202,6784,2269,884,180,0
17,171168,76704,0,127,46,73,129,0
18,279648,138016,100,4444,1497,563,162,0
19,849472,1048544,1104,579,469,368,123,0
20,234912,84352,243,17332,5626,1916,241,0
21,171936,93216,20,69,0,98,49,0
22,244864,75712,80,0,60,34,218,0
23,164864,107168,88,25,31,102,182,0
24,264416,1048544,119,152,175,133,180,0
25,142848,47744,118,0,15,17,38,0
26,392192,902304,190,149,128,157,97,0
27,152896,71488,127,3742,1359,556,257,0
28,393088,619296,75,61,172,172,0,0
29,470528,792544,53,59,63,70,0,0
30,251808,88768,112,11536,3749,1321,96,0
31,177792,63104,63,169,49,96,212,0
32,190880,89216,11,20,66,85,106,0
33,128640,75744,185,156,251,112,165,0
34,290848,140704,368,24992,7906,2565,137,0
35,324864,683648,200,59,208,143,72,0
36,139232,450720,92,0,31,36,156,0
37,163360,67616,108,45,137,96,164,0
38,376256,717824,240,67,196,289,93,0
39,373664,870816,160,254,181,213,214,0
40,626240,1048544,294,51,144,88,273,0
41,153024,81984,154,151,85,99,153,0
42,431424,1048544,223,144,209,179,62,0
43,420128,761088,191,116,80,137,130,0
44,445856,758912,133,141,160,162,37,0
45,257312,69984,145,13124,4396,1533,231,0
46,189536,69536,37,12980,4208,1456,83,0
47,134048,67360,142,75,80,119,160,0
48,115104,189728,84,0,90,54,119,0
49,204672,92000,112,41,164,203,32,0
50,282656,135584,174,0,89,96,87,0
51,210752,76288,84,1,117,52,277,0
52,262944,70784,393,8023,2759,961,199,0
53,150688,81408,79,0,82,60,228,0
54,161792,56512,151,141,202,211,261,0
55,424480,320544,293,87,72,101,33,0
56,512672,752992,143,0,84,92,89,0
57,764320,971744,1029,492,455,349,179,0
58,220384,524256,137,99,144,36,119,0
59,191168,73440,0,0,81,66,167,0
60,401376,714464,223,306,212,196,65,0
61,446304,862496,5229,4141,3296,3433,1245,0
62,474880,1020128,107,237,164,169,140,0
63,154240,52736,0,128,79,37,4,0
64,428704,691584,165,102,185,168,143,0
65,479168,963712,275,126,317,161,136,0
66,538752,1048544,407,255,167,68,170,0
67,202368,65184,144,7447,2700,808,302,0
68,500352,564224,202,29,83,81,117,0
69,323264,930432,191,716,240,204,252,0
70,167520,69920,0,81,50,98,112,0
71,164640,88608,143,24544,7673,2510,237,0
72,462048,1004128,183,0,112,199,117,0
73,142624,238752,0,0,90,0,105,0
74,425600,589312,235,166,268,252,197,0
75,411712,521984,62,108,113,89,69,0
76,113120,205824,60,65,53,93,137,0
77,202304,70784,5,42,108,0,269,0
78,161600,61280,33,8,52,64,156,0
79,175008,53696,29,32,98,39,191,0
80,119040,256480,10,0,97,28,22,0
81,164000,57120,33,88,38,135,203,0
82,396832,706048,119,90,152,132,0,0
83,199808,86240,61,103,83,31,129,0
84,131072,113120,36,352,179,73,0,0
85,210848,439072,90,58,116,68,91,0
86,408768,189536,236,226,115,100,0,0
87,137984,52288,104,93,85,100,158,0
88,168608,814784,41,140,65,39,84,0
89,130624,71904,0,114,92,127,156,0
90,384544,556032,177,130,117,103,72,0
91,682592,1048544,588,409,198,292,424,0
92,234304,95456,118,8530,2755,920,9,0
93,537920,1048544,611,246,276,259,145,0
94,130112,78464,0,2,15,85,119,0
95,168800,158560,109,207,179,154,95,0
96,131680,95872,135,0,46,32,225,0
97,247680,83040,193,14620,4679,1733,267,0
98,529888,1048544,239,9,93,82,141,0
99,131520,83104,122,20,51,105,79,0
100,437056,502208,147,118,145,128,50,0
101,292352,1048544,0,42,15,72,116,0
102,212896,78880,263,4732,1780,786,101,0
103,268704,68192,151,2190,867,456,129,0
104,158240,79392,0,94,0,100,165,0
105,131200,72672,0,129,126,84,269,0
106,455040,542880,411,250,203,79,61,0
107,151360,94976,67,0,0,84,101,0
108,150240,64384,76,1,142,153,16,0
109,382496,716992,115,100,121,175,119,0
110,180064,89632,147,95,202,149,154,0
111,202912,54816,193,19232,6297,2205,225,0
112,371616,712800,45,70,68,197,130,0
113,150528,68352,29,0,28,100,0,0
114,392832,989920,135,60,141,121,165,0
115,154272,62720,41,0,30,69,124,0
116,171488,63392,38,44,152,49,127,0
117,253120,70848,181,8260,2651,977,205,0
118,469440,1039712,170,177,189,144,101,0
119,169312,95840,25,39,137,31,242,0
120,377184,872544,300,117,237,83,80,0
121,175232,87424,90,40,31,15,0,0
122,153408,65184,125,7396,2437,861,149,0
123,167136,95200,126,80,125,125,143,0
124,226336,73216,212,5929,2051,847,138,0
125,399360,902400,166,232,189,170,141,0
126,209088,68608,192,8295,2916,861,269,0
127,131360,70624,159,111,96,0,263,0
128,200960,67680,131,8081,2473,1010,105,0
129,404000,674240,73,193,68,100,30,0
130,144352,60160,37,0,1,103,119,0
131,453952,1048544,219,178,244,189,212,0
132,392608,518784,221,185,176,113,127,0
133,147968,66848,73,30,23,5,84,0
134,137312,74720,98,188,127,208,92,0
135,133760,82240,77,94,115,171,133,0
136,183744,75808,95,125,140,148,365,0
137,259104,83648,254,13811,4525,1676,199,0
138,607360,1048544,839,551,423,300,190,0
139,184288,74720,289,16519,5556,1905,376,0
140,229600,82240,221,11305,3879,1399,188,0
141,496064,1017152,244,127,172,183,6,0
142,166816,83168,20,77,91,106,249,0
143,509312,670880,135,135,126,101,61,0
144,138976,390944,71,0,38,69,220,0
145,238528,150624,345,12836,4357,1572,293,0
146,247104,63936,333,13229,4206,1525,215,0
147,395552,530048,49,134,137,67,237,0
148,141280,64288,70,0,127,69,101,0
149,456224,820576,201,116,180,68,193,0
150,215840,69120,74,6893,2368,1047,183,0
151,289248,91104,319,14493,4871,1678,133,0
152,250848,90400,180,15781,5245,1753,188,0
153,153248,66848,72,28,128,38,130,0
154,161056,80832,126,616,284,237,163,0
155,139424,82560,94,63,17,81,206,0
156,146400,113248,117,215,41,17,63,0
157,141120,109600,110,137,139,131,0,0
158,174304,183328,0,204,148,113,73,0
159,142880,61920,22,21,11,29,0,1
160,117312,167968,0,57,0,169,106,1
161,170240,145152,165,78,100,121,171,1
162,141888,79936,53,28,21,34,89,1
163,147424,444704,5,0,31,80,131,1
164,247552,1048544,141,30,85,135,244,1
165,225472,95392,141,2524,954,363,0,1
166,414720,1021696,173,172,116,97,109,1
167,710656,281728,344,200,213,161,167,1
168,1033088,1048544,2060,11399,4265,2288,1280,1
169,252416,714368,2580,1635,2389,1741,1661,1
170,361408,676224,119,127,131,237,174,1
171,255360,863040,121,121,92,150,145,1
172,349312,723200,157,17,165,146,127,1
173,164512,53152,0,6,52,29,84,1
174,486912,1048544,346,81,179,111,65,1
175,163424,65184,80,44,66,83,278,1
176,252096,130272,333,12421,4078,1506,269,1
177,127680,77184,0,28,101,123,92,1
178,197088,56864,112,6750,2221,797,269,1
179,214304,143136,177,87,53,118,224,1
180,127520,83648,0,85,120,127,164,1
181,158496,329888,25,28,103,76,206,1
182,435936,1048544,220,212,196,133,273,1
183,204064,65504,165,15204,5018,1721,333,1
184,409440,708736,133,53,149,161,237,1
185,234176,92416,92,1798,628,220,0,1
186,391168,1048544,260,145,271,140,108,1
187,217344,70784,223,9551,3166,1132,281,1
188,159680,74752,0,302,227,64,144,1
189,532928,739200,146,92,33,41,0,1
190,239648,105536,253,10037,3179,1187,176,1
191,261888,110688,164,6879,2350,751,169,1
192,218816,104448,75,167,130,122,53,1
193,411168,796160,129,0,126,117,129,1
194,162848,81696,81,135,41,123,189,1
195,192160,108512,50,154,0,33,157,1
196,152736,98432,0,66,41,71,19,1
197,751232,1029408,1077,493,345,307,61,1
198,175392,76320,101,8263,3001,925,189,1
199,148128,236128,0,0,17,64,173,1
200,123104,68448,81,89,141,28,61,1
201,133216,72416,0,0,79,71,407,1
202,167936,67008,0,17,45,65,110,1
203,165920,66272,0,42,83,20,224,1
204,249600,66784,280,15460,5167,1777,450,1
205,209792,90432,287,17244,5747,2024,237,1
206,441568,703264,222,42,127,103,183,1
207,166240,65056,124,0,101,31,130,1
208,415104,703712,121,122,212,129,141,1
209,121280,264480,0,166,54,124,387,1
210,164384,54400,16,112,90,117,116,1
211,195936,81728,81,597,203,80,3,1
212,164960,72064,49,188,133,64,167,1
213,214816,82304,32,61,103,110,87,1
214,210912,92032,192,5173,1529,562,282,1
215,453184,764320,155,77,120,154,116,1
216,156704,88544,58,88,105,183,162,1
217,163744,67360,61,117,118,73,0,1
218,147872,73760,147,153,173,188,253,1
219,138784,111840,47,117,145,161,135,1
220,166112,259968,101,76,96,96,191,1
221,152128,82592,0,0,147,114,253,1
222,117664,219392,56,103,80,25,121,1
223,141952,74016,109,116,179,99,264,1
224,201088,62784,79,1933,736,237,68,1
225,161024,186272,121,105,128,123,16,1
226,165536,58144,28,125,69,55,28,1
227,356448,1048544,310,102,215,172,84,1
228,247328,625568,203,99,85,97,181,1
229,428960,191648,230,25,253,98,44,1
230,132192,82112,39,92,160,57,96,1
231,162304,105248,6,76,159,1,205,1
232,203968,119040,144,2962,1000,489,69,1
233,447136,546400,138,172,163,116,154,1
234,497376,851936,232,155,258,244,197,1
235,206624,92896,135,17493,5991,2005,150,1
236,456864,826848,192,130,195,115,204,1
237,131680,130816,130,106,26,0,112,1
238,418176,784416,235,0,58,96,139,1
239,418208,875392,203,149,244,245,140,1
240,261920,77664,341,14676,4977,1509,21,1
241,342368,196896,122,237,26,99,126,1
242,153568,525632,124,0,96,121,164,1
243,166592,63936,20,31,118,25,122,1
244,126016,70944,6,151,90,70,190,1
245,144096,68448,56,7,55,62,100,1
246,151968,78816,0,10,0,59,165,1
247,188832,61952,185,10889,3739,1136,289,1
248,200480,62912,181,5426,1924,772,216,1
249,216704,220768,163,5988,2058,803,180,1
250,139648,263040,0,0,41,0,56,1
251,149984,69440,86,12,125,15,206,1
252,290176,225184,114,41,168,83,263,1
253,153248,100800,4,129,109,70,116,1
254,224384,66464,159,5937,2113,672,144,1
255,215296,74400,184,14482,4634,1736,341,1
256,139872,59072,72,289,87,52,325,1
257,368192,1048544,148,64,122,20,146,1
258,293536,620768,125,11,148,189,98,1
259,382560,707072,357,160,427,355,241,1
260,482240,687968,157,53,41,55,129,1
261,181760,77088,24,132,106,155,143,1
262,349344,673856,17,69,28,100,108,1
263,199232,72800,105,4605,1631,469,133,1
264,342240,761376,87,140,150,139,17,1
265,203296,68640,62,7117,2254,921,196,1
266,395296,496256,25,127,56,23,233,1
267,165408,69792,111,0,105,64,121,1
268,120896,573600,0,0,0,19,139,1
269,130304,246112,72,2,25,68,65,1
270,401024,1048544,348,265,216,128,71,1
271,394112,738720,85,76,113,108,54,1
272,246112,109664,80,5,1,119,45,1
273,198112,84352,145,11081,3703,1182,210,1
274,480608,978464,280,20,97,113,73,1
275,145664,57760,60,157,200,128,235,1
276,373760,649120,137,0,141,83,73,1
277,408928,937376,385,85,95,172,95,1
278,138272,78304,48,0,141,83,278,1
279,386912,681376,297,164,163,40,164,1
280,378976,936096,65,192,34,116,119,1
281,145056,78656,23,28,84,116,64,1
282,462272,827168,164,155,192,149,144,1
283,161664,94912,63,0,137,87,189,1
284,170912,95392,32,138,121,33,222,1
285,644768,318592,567,225,145,103,104,1
286,343744,498176,188,103,71,76,83,1
287,386080,441792,599,325,143,0,22,1
288,115040,169984,28,0,104,71,117,1
289,498944,710208,157,95,197,143,129,1
290,115680,305440,0,113,25,44,174,1
291,356960,756224,158,117,235,200,88,1
292,167328,40544,129,139,105,145,93,1
293,200576,120032,48,44,129,57,80,1
294,142240,72320,45,49,133,29,73,1
295,306080,1048544,216,93,156,101,161,1
296,208288,59328,0,1980,651,260,75,1
297,153472,58336,0,0,5,51,85,1
298,478208,1048544,36,13,57,37,127,1
299,136736,82720,94,118,137,141,206,1
300,125504,64352,96,208,67,123,22,1
301,186784,73216,68,5184,1600,619,54,1
302,141216,90176,16,57,34,104,105,1
303,154112,91616,70,112,160,170,88,1
304,403648,640384,107,140,133,213,31,1
305,192064,80576,80,6537,2196,624,196,1
306,187680,337088,144,108,124,196,110,1
307,157088,70656,124,0,97,121,166,1
308,163232,58272,29,21,42,80,121,1
309,262272,1048544,41,0,50,106,332,1
310,605632,308608,492,505,240,274,299,1
311,137312,68448,30,165,79,92,125,1
312,157728,75648,13,18,119,144,241,1
313,164640,74592,100,64,0,49,151,1
314,160896,67136,41,0,28,37,85,1
315,139488,463936,32,44,28,45,259,1
316,418720,1000576,255,19,147,187,181,1
317,137600,77664,0,14,55,0,106,1
318,457504,1048544,200,193,115,157,81,1
319,160160,62656,41,16,0,127,115,1
320,206560,68448,68,5094,1743,527,148,2
321,213728,81088,115,10657,3463,1084,119,2
322,176800,55680,97,80,121,95,237,2
323,158912,117568,34,228,248,113,2,2
324,283168,274976,179,62,61,72,83,2
325,138016,95520,18,90,87,149,213,2
326,239520,65696,76,7454,2396,848,114,2
327,136992,81312,86,89,82,123,109,2
328,459168,707584,221,242,141,259,305,2
329,384160,467328,127,0,203,108,186,2
330,136480,93856,87,15,77,86,242,2
331,134656,92352,156,117,113,58,144,2
332,367232,159360,389,34432,11363,3349,284,2
333,571648,243904,336,155,136,68,116,2
334,465312,1048544,292,163,265,115,151,2
335,327136,208544,181,160,165,107,87,2
336,148096,53248,5,0,47,102,228,2
337,156672,77696,75,0,143,71,148,2
338,124160,70656,58,62,188,93,106,2
339,373600,1048544,311,216,243,224,100,2
340,183872,106240,194,11228,3523,1536,219,2
341,151904,605696,86,82,83,93,181,2
342,247936,68992,135,4242,1373,525,132,2
343,187520,78624,166,9412,3301,1281,168,2
344,508992,817440,313,209,188,136,153,2
345,161152,82272,29,13,94,102,29,2
346,344928,346208,226,1115,438,232,93,2
347,180192,125600,85,131,167,155,0,2
348,125856,80800,137,36,49,102,186,2
349,245440,76928,141,12642,4137,1478,113,2
350,128992,899520,89,159,97,33,164,2
351,155968,80960,159,36,161,159,112,2
352,368640,599456,136,90,87,87,222,2
353,156608,68000,9,134,136,175,129,2
354,179360,111968,95,50,100,107,76,2
355,202880,94784,224,3135,1122,507,89,2
356,134880,69824,0,35,31,38,133,2
357,215328,80160,135,1289,517,196,71,2
358,136320,64832,36,427,241,67,88,2
359,140704,50304,67,85,87,127,197,2
360,165440,79296,92,52,67,75,158,2
361,760160,1048544,916,548,405,340,175,2
362,132416,73600,127,136,77,33,224,2
363,421280,573824,200,52,176,160,71,2
364,453984,1048544,433,79,267,95,131,2
365,828096,1048544,1066,520,389,357,127,2
366,143328,77216,124,0,127,157,104,2
367,333600,915040,124,24,146,93,91,2
368,118208,80992,0,87,49,45,148,2
369,141120,83968,29,0,155,44,174,2
370,228864,116128,264,9866,3168,1069,121,2
371,144768,57280,159,126,148,244,240,2
372,488576,850976,187,36,92,132,127,2
373,145152,108320,20,0,68,114,15,2
374,142624,508864,33,42,0,192,0,2
375,207424,78112,112,7043,2372,721,269,2
376,181024,59136,106,78,91,227,103,2
377,393888,617120,59,40,48,7,176,2
378,412192,1017728,199,0,109,168,77,2
379,477984,1048544,411,214,262,184,69,2
380,344576,251808,505,31808,10327,3520,135,2
381,266240,76192,238,3934,1439,511,327,2
382,219328,64384,201,11743,4046,1440,201,2
383,343136,317600,201,44,106,87,93,2
384,154976,56704,25,0,37,112,100,2
385,129696,72000,83,357,283,133,62,2
386,148192,63232,88,110,78,71,241,2
387,139456,75808,0,8,76,48,152,2
388,385888,645280,60,69,88,121,194,2
389,194432,116352,277,22936,7348,2444,138,2
390,178112,61952,227,7940,2629,1137,37,2
391,210816,63296,102,11575,3661,1313,307,2
392,192736,57280,159,1787,637,369,107,2
393,325536,680352,229,61,165,185,28,2
394,286816,141600,147,9441,3006,1132,99,2
395,134528,80416,75,52,96,79,67,2
396,438080,1048544,260,55,157,118,201,2
397,157568,80224,0,15,97,124,119,2
398,166048,65632,10,0,28,83,92,2
399,416128,1018272,163,753,329,239,151,2
400,270048,62304,133,6869,2369,836,194,2
401,349664,771936,87,158,135,105,209,2
402,522464,901504,247,86,198,169,314,2
403,404832,815936,344,224,169,201,95,2
404,443488,614688,119,29,101,204,181,2
405,329504,691616,90,179,122,145,148,2
406,160640,86016,67,49,71,101,141,2
407,359200,851872,318,129,234,233,73,2
408,162848,72480,11,0,84,130,256,2
409,432864,872832,392,170,226,157,170,2
410,431488,730976,121,145,164,69,49,2
411,147232,84832,0,88,24,56,230,2
412,131424,864256,75,1630,605,201,70,2
413,164608,55520,133,27,97,78,88,2
414,468992,600512,136,84,95,177,140,2
415,367200,521344,110,207,255,258,95,2
416,356160,1048544,293,71,204,225,220,2
417,179808,56544,16,0,93,83,82,2
418,485280,152352,81,158,97,181,265,2
419,373280,787424,153,141,199,140,88,2
420,141152,618656,0,85,47,77,132,2
421,360032,173472,212,175,139,77,148,2
422,139040,62240,74,0,78,184,0,2
423,445664,743840,276,155,162,210,129,2
424,268576,81120,204,15829,5213,1867,193,2
425,156960,71808,169,1534,596,337,240,2
426,162048,74848,37,0,43,74,119,2
427,204032,78080,104,14202,4601,1653,221,2
428,208704,92992,173,13003,4056,1492,216,2
429,145632,82080,0,2,113,149,0,2
430,457888,516640,165,127,156,97,108,2
431,220192,74464,110,17760,5712,1830,120,2
432,214368,84352,257,3655,1148,512,163,2
433,160096,65952,157,10542,3373,1225,174,2
434,433760,707296,101,165,141,223,0,2
435,186848,58464,70,6635,2161,789,225,2
436,131904,107936,121,40,73,139,63,2
437,338336,804288,236,94,122,123,33,2
438,194336,62272,355,44160,14004,4599,229,2
439,125088,74528,67,31,83,87,63,2
440,156032,76000,15,383,182,119,87,2
441,167968,70752,48,37,8,97,233,2
442,257504,768864,18,33,1,56,72,2
443,124800,75904,77,41,157,121,201,2
444,264000,125632,175,115,112,120,284,2
445,477344,814720,203,234,164,138,99,2
446,423296,788736,149,1153,427,192,58,2
447,240544,109600,324,7869,2748,991,482,2
448,201248,73536,206,13370,4317,1377,327,2
449,168032,82496,0,87,45,113,154,2
450,315104,777088,147,68,33,101,41,2
451,132288,66944,60,3,86,82,23,2
452,177952,78880,174,10600,3759,1343,165,2
453,730624,1048544,1060,231,349,318,294,2
454,277600,1048544,261,183,239,56,249,2
455,343584,184256,39,147,0,0,0,2
456,216576,75328,176,6255,2117,785,134,2
457,154816,61760,91,27,169,57,260,2
458,149664,113696,253,0,119,65,181,2
459,153888,75232,111,74,47,137,168,2
460,246112,89728,186,4741,1684,601,92,2
461,370592,768128,184,83,128,96,0,2
462,458752,750112,208,117,62,96,64,2
463,172672,58304,45,23,77,57,164,2
464,191872,83040,155,8351,2893,1136,140,2
465,393312,1048544,232,160,158,158,155,2
466,136288,67040,79,52,130,165,260,2
467,424320,690816,236,245,271,215,114,2
468,155232,68832,0,109,42,92,68,2
469,326208,774112,183,98,143,112,15,2
470,174272,66144,76,0,134,135,123,2
471,194816,102336,306,15444,4804,1767,336,2
472,217632,55456,175,11006,3733,1281,239,2
473,489056,954016,384,145,39,155,303,2
474,219008,1048544,435,361,282,243,225,2
475,573408,951264,311,166,181,119,222,2
476,134880,58304,17,67,79,161,154,2
477,120192,221824,0,0,93,0,82,2
478,133216,72736,17,0,137,37,79,2
479,136064,79648,0,29,86,15,16,3
480,202656,78176,228,3692,1236,510,105,3
481,420736,533984,131,0,160,69,94,3
482,154976,64320,0,0,37,100,109,3
483,156768,72160,65,20,25,37,164,3
484,191200,50080,123,15080,4953,1751,149,3
485,139040,76352,50,0,0,94,0,3
486,438752,616992,143,44,54,114,26,3
487,652032,1048544,648,243,294,159,114,3
488,381536,845760,171,155,191,153,95,3
489,187456,86496,209,12879,4401,1590,307,3
490,420480,209632,141,69,99,6,181,3
491,337024,618880,133,107,125,157,4,3
492,132640,59072,0,0,67,125,275,3
493,481600,747680,152,129,229,68,164,3
494,142848,60704,49,0,155,172,75,3
495,190336,69920,228,11694,3921,1219,255,3
496,435712,638720,220,184,116,181,126,3
497,165760,61952,0,60,117,106,197,3
498,373504,539840,50,0,107,22,2,3
499,179232,60608,54,39,75,109,249,3
500,174112,93344,64,100,175,171,18,3
501,246304,138368,85,76,190,85,0,3
502,510976,918272,258,85,0,128,177,3
503,160256,51872,65,23,49,148,27,3
504,129696,86080,96,65,104,147,71,3
505,214592,71776,113,1441,546,356,101,3
506,481952,200832,61,0,18,60,71,3
507,208352,98752,15,0,94,80,205,3
508,133088,88640,89,81,104,127,16,3
509,270304,91808,210,13181,4432,1551,259,3
510,456832,1016736,222,112,148,159,76,3
511,121088,179584,0,76,127,25,137,3
512,151456,113920,0,1802,656,282,85,3
513,128480,261344,0,133,72,62,186,3
514,433504,156032,384,176,156,197,267,3
515,138816,415264,0,0,52,95,126,3
516,145440,74624,52,37,71,32,41,3
517,414144,932320,324,161,237,133,242,3
518,405088,499104,108,49,92,0,73,3
519,449344,838688,190,161,142,193,0,3
520,394400,692064,119,118,81,126,311,3
521,715808,631552,373,251,143,215,157,3
522,155040,85984,107,36,81,31,0,3
523,130592,108896,155,44,164,91,94,3
524,166528,78272,49,56,114,127,157,3
525,151072,91776,51,210,161,157,163,3
526,139648,468096,0,88,145,92,85,3
527,471200,724064,102,140,174,79,192,3
528,115296,279808,23,0,39,96,94,3
529,146656,89312,100,84,155,155,321,3
530,379808,853088,223,153,245,161,156,3
531,150496,62848,71,119,33,51,110,3
532,311072,1048544,255,164,139,88,151,3
533,144224,72320,61,0,88,68,52,3
534,186272,82528,135,5600,1921,705,231,3
535,217312,99456,297,19557,6104,2387,511,3
536,410144,1011072,309,276,88,217,211,3
537,162880,67072,116,217,115,198,107,3
538,142304,116736,98,93,80,60,97,3
539,460192,916192,177,159,205,286,132,3
540,475136,202336,183,109,35,101,73,3
541,146944,80224,112,0,75,41,221,3
542,262464,123392,92,1088,431,289,140,3
543,162368,84448,21,48,68,89,77,3
544,159712,106624,52,73,13,20,286,3
545,413056,587040,226,161,112,159,80,3
546,142336,78880,0,149,60,45,85,3
547,175616,132096,249,17225,5690,1754,195,3
548,649312,207168,253,145,159,49,205,3
549,216352,107104,233,9506,3128,1177,237,3
550,140448,85216,45,107,41,68,35,3
551,129728,67488,180,130,97,37,289,3
552,250496,73536,239,12274,4068,1471,101,3
553,181760,68288,122,54,105,0,244,3
554,192864,77920,145,10607,3575,1196,156,3
555,140512,90400,73,162,191,104,87,3
556,165760,79968,49,0,0,57,2,3
557,151872,76320,0,0,65,0,240,3
558,382752,413344,68,223,54,21,167,3
559,135648,51744,73,107,101,95,105,3
560,476960,150784,280,108,157,56,51,3
561,268448,601184,87,113,120,115,158,3
562,142208,73600,110,28,95,0,60,3
563,411712,741568,182,317,228,125,236,3
564,387456,604544,209,98,51,36,75,3
565,560128,1048544,636,357,289,189,70,3
566,401728,936992,264,132,136,123,166,3
567,123936,503744,48,0,32,0,140,3
568,253408,145120,113,51,173,95,27,3
569,134720,66528,94,153,117,165,134,3
570,249696,74720,153,6722,2316,783,128,3
571,113120,321664,1,139,100,0,229,3
572,151200,64672,71,130,7,96,7,3
573,335424,750720,221,69,113,169,157,3
574,112448,115424,0,0,55,67,81,3
575,376608,659840,262,98,50,79,30,3
576,318976,927040,116,0,98,105,174,3
577,267776,137152,219,8284,2829,943,136,3
578,174144,96320,29,579,233,156,121,3
579,155616,61984,69,0,77,119,132,3
580,173056,57568,36,0,123,111,25,3
581,487872,629248,158,97,145,57,96,3
582,155616,79456,73,74,0,60,108,3
583,366368,861696,171,0,63,63,85,3
584,508832,739392,305,183,84,192,184,3
585,211840,88448,0,42,95,61,47,3
586,183840,93024,17,121,69,80,179,3
587,172896,69472,19,51,0,35,114,3
588,121664,65600,54,24,128,92,116,3
589,199392,77248,53,11901,3919,1392,30,3
590,199520,55424,140,1753,821,164,27,3
591,523616,1048544,266,34,215,101,164,3
592,175104,67552,240,15552,4639,1724,263,3
593,133920,107904,99,0,167,81,144,3
594,187296,87808,33,0,61,77,89,3
595,392096,609120,78,21,132,147,78,3
596,520224,941440,369,126,187,140,48,3
597,297632,483744,68,150,96,180,239,3
598,574176,886176,201,147,38,45,221,3
599,198048,77568,105,203,141,135,1,3
600,212864,77696,268,11884,4081,1495,200,3
601,174368,68992,0,120,84,87,110,3
602,131520,110048,197,152,183,116,185,3
603,418304,1048544,234,164,141,276,4,3
604,168736,61536,42,123,145,78,213,3
605,165888,59392,64,0,59,115,276,3
606,158944,56512,85,114,224,206,212,3
607,429472,769536,255,178,84,192,115,3
608,136064,89312,17,287,119,103,54,3
609,203264,93344,392,42336,13727,4287,218,3
610,151712,75616,8,123,79,38,41,3
611,281504,172192,175,357,236,215,208,3
612,169568,55680,94,10,22,4,172,3
613,238720,80800,354,9977,3371,1026,184,3
614,449248,954688,279,135,218,93,99,3
615,477088,562976,205,0,87,69,32,3
616,532000,1048544,353,79,164,164,131,3
617,172032,75648,153,131,169,5,313,3
618,145184,83200,0,103,41,68,167,3
619,237888,70688,136,9088,3099,1052,261,3
620,320384,665920,191,159,165,230,102,3
621,412288,1048544,231,316,288,205,213,3
622,121888,274976,0,0,43,34,196,3
623,251232,117984,335,8360,3017,1076,284,3
624,494880,489600,435,237,271,209,86,3
625,175648,90880,73,0,83,126,75,3
626,134880,58848,112,151,0,132,170,3
627,198240,67872,100,5913,1863,637,118,3
628,176192,59008,0,0,86,53,14,3
629,143648,64160,39,98,180,118,57,3
630,153024,100320,76,97,132,95,224,3
631,368128,767520,170,220,168,226,301,3
632,143904,71168,41,80,29,156,100,3
633,178848,733728,28,66,95,48,120,4
634,144480,78592,74,98,105,55,170,4
635,154560,77248,44,35,39,72,0,4
636,392608,1048544,82,145,137,123,0,4
637,182848,78624,0,451,213,108,172,4
638,402368,651392,124,71,123,87,59,4
639,248768,101536,208,7998,2397,741,232,4
640,126080,309312,0,56,89,50,39,4
641,164544,71968,50,0,198,117,49,4
642,174240,81600,118,108,59,123,129,4
643,163520,75456,46,8,3,81,325,4
644,996960,1048544,1222,1185,953,1016,817,4
645,287168,1048544,302,133,110,88,153,4
646,248608,101632,113,7812,2672,1062,127,4
647,128672,75168,0,18,38,98,109,4
648,308288,963136,229,215,98,100,25,4
649,321952,538016,134,168,180,180,61,4
650,707424,717888,630,263,270,193,420,4
651,432128,817824,232,174,112,83,155,4
652,213856,78464,51,3399,1045,353,97,4
653,734656,580256,817,345,419,210,195,4
654,184480,67968,21,63,71,110,156,4
655,169024,65888,90,19178,6157,2060,59,4
656,663904,786976,369,169,129,164,57,4
657,261120,62144,185,7442,2451,778,137,4
658,155552,73888,35,155,107,191,293,4
659,429312,693024,157,0,101,144,328,4
660,138016,82080,0,178,90,165,162,4
661,235424,90272,305,5116,1695,640,63,4
662,391200,363072,113,135,141,164,126,4
663,293856,117408,134,192,69,105,0,4
664,190976,74720,333,15197,5076,1641,233,4
665,159008,85760,80,155,95,113,89,4
666,469376,1048544,368,197,212,169,223,4
667,374688,649952,261,14,154,66,173,4
668,233888,63264,5,8492,2972,952,177,4
669,219072,65184,138,1937,815,302,154,4
670,1048544,1048544,9269,4991,3841,3492,2575,4
671,417504,850368,125,38,44,93,183,4
672,171232,94400,51,0,71,73,209,4
673,129440,544288,0,0,110,196,160,4
674,425024,1048544,400,209,279,272,61,4
675,157856,76224,0,28,120,139,45,4
676,438752,1048544,353,171,145,84,187,4
677,129024,125472,29,0,40,100,101,4
678,361024,914016,184,81,134,112,17,4
679,173728,103712,61,85,108,100,245,4
680,148992,84640,9,0,65,0,127,4
681,531136,1048544,618,469,268,126,269,4
682,140832,74400,76,33,20,71,263,4
683,160672,88704,0,56,67,61,187,4
684,215840,93152,287,15916,5493,1969,233,4
685,142496,69888,107,117,187,118,204,4
686,339552,595808,245,233,132,132,188,4
687,473824,1048544,329,189,241,183,95,4
688,145472,53632,25,197,278,63,0,4
689,138656,91488,108,84,32,17,108,4
690,407648,675712,199,132,127,161,150,4
691,144640,91360,63,635,323,117,300,4
692,133760,385312,0,0,5,115,100,4
693,383744,479648,99,200,94,90,44,4
694,446048,963744,232,195,144,128,368,4
695,169696,67360,49,71,149,138,218,4
696,125216,286784,8,0,72,29,101,4
697,248480,105120,126,932,436,209,116,4
698,128896,80928,0,80,40,160,363,4
699,313248,187456,271,12964,4441,1627,183,4
700,437440,670112,109,70,74,55,177,4
701,133152,79904,69,0,84,32,52,4
702,182688,79776,19,109,101,126,192,4
703,399584,977280,98,165,147,27,49,4
704,595232,771456,254,148,77,113,101,4
705,375200,693376,302,0,75,102,255,4
706,185728,78048,229,22532,7391,2479,255,4
707,230016,66112,231,12587,4160,1349,412,4
708,456096,685696,136,142,136,55,151,4
709,378496,742784,85,35,13,93,191,4
710,168640,67904,83,0,76,23,174,4
711,283040,261632,70,454,236,65,154,4
712,196320,75936,84,4717,1712,623,165,4
713,152864,62112,33,61,33,41,9,4
714,333024,444800,81,71,207,77,13,4
715,154400,69728,13,132,0,98,269,4
716,172000,128992,167,22208,6989,2234,238,4
717,641824,711008,205,1,226,134,87,4
718,179808,65888,51,105,39,14,149,4
719,137888,81760,101,117,48,87,137,4
720,154720,75488,147,105,94,116,31,4
721,325504,1048544,169,89,136,228,193,4
722,148608,94624,92,72,64,82,146,4
723,159072,69792,69,109,139,15,0,4
724,485632,600000,149,112,87,117,139,4
725,160864,257056,0,0,23,0,110,4
726,240032,1048544,243,208,139,219,171,4
727,121376,54208,66,139,66,77,148,4
728,186816,96640,140,5257,1958,641,150,4
729,238208,87136,276,11287,3664,1228,52,4
730,176128,631840,94,0,64,95,316,4
731,171712,894272,0,25,87,105,199,4
732,240928,64224,75,9054,3033,993,110,4
733,194656,125888,150,74,115,190,80,4
734,129632,70304,44,0,17,76,42,4
735,328320,567488,101,172,101,113,190,4
736,153440,72768,0,695,387,210,161,4
737,350336,132096,292,76,245,248,304,4
738,126688,305152,177,175,353,190,246,4
739,481824,832768,175,141,131,112,168,4
740,200928,85792,327,11207,3801,1455,173,4
741,168896,81952,27,674,274,141,145,4
742,207168,106528,266,9751,3239,1129,139,4
743,358144,218592,131,230,125,60,79,4
744,199168,80512,270,27360,8674,2667,161,4
745,463424,711168,253,227,119,36,235,4
746,129760,86368,49,153,97,122,284,4
747,486400,1048544,7,84,101,39,98,4
748,145216,86400,141,227,114,111,164,4
749,365536,1048544,987,462,501,590,413,4
750,132352,72352,161,167,135,182,249,4
751,497024,1048544,306,165,143,255,183,4
752,167232,643232,0,0,33,74,17,4
753,439072,822912,199,161,144,96,0,4
754,436192,996448,211,173,170,215,81,4
755,170464,94848,11,60,74,157,142,4
756,176704,231392,411,129,141,73,197,4
757,283872,1048544,253,232,269,132,142,4
758,132384,116960,0,0,0,15,159,4
759,279136,484256,0,46,33,113,9,4
760,459904,893856,181,157,187,165,181,4
761,143872,75936,22,51,141,23,208,4
762,158208,55360,44,52,114,62,125,4
763,457344,847648,198,112,93,81,125,4
764,135456,127616,173,89,93,51,237,4
765,198144,80160,145,8919,2943,1064,138,4
766,369984,722880,21,134,7,48,0,4
767,543136,1048544,369,145,78,79,212,4
768,149024,81248,180,52,101,128,270,4
769,132128,89376,81,24,16,72,243,4
770,378304,878240,392,240,377,179,256,4
771,159264,70336,11,0,70,127,21,4
772,230976,54592,120,1144,580,220,327,4
773,481504,785376,304,199,259,133,479,4
774,387680,571712,187,66,170,169,153,4
775,124736,90048,40,0,26,128,175,4
776,135200,76640,48,212,91,161,240,4
777,160416,65408,72,127,47,15,63,5
778,258784,126112,265,9613,3129,959,254,5
779,206080,43104,0,127,59,125,9,5
780,141440,56800,36,201,123,104,93,5
781,219488,148096,174,173,178,124,232,5
782,282528,73632,191,13017,4464,1321,256,5
783,220128,110080,170,12580,4288,1611,164,5
784,181312,92032,14,0,112,16,51,5
785,415520,702816,269,332,190,103,107,5
786,143328,72608,0,0,37,184,107,5
787,468896,771200,121,32,134,72,28,5
788,379712,597504,13,65,81,36,65,5
789,203712,758784,397,271,297,209,40,5
790,140480,115360,52,253,241,93,89,5
791,435136,1048544,262,639,255,169,91,5
792,168864,75488,0,36,32,84,0,5
793,182592,62880,79,0,55,100,70,5
794,191232,100480,39,21,74,61,80,5
795,197216,60352,257,25118,8312,2816,335,5
796,147712,58432,37,720,336,228,76,5
797,158080,125472,76,199,116,83,149,5
798,131520,94944,151,18,173,52,76,5
799,671584,1048544,584,206,173,259,382,5
800,128928,67296,14,121,97,77,4,5
801,400288,906112,181,105,132,100,151,5
802,643936,215200,492,182,168,103,108,5
803,216096,77536,165,9457,3225,1072,111,5
804,226464,67488,117,7832,2717,1001,209,5
805,237568,55936,181,9422,3190,1188,217,5
806,168928,86048,25,95,91,91,147,5
807,341792,1024864,263,179,116,92,137,5
808,344352,1048544,76,0,104,53,11,5
809,472896,713536,160,66,104,115,0,5
810,226976,67968,25,11004,3711,1068,173,5
811,142912,69920,0,47,36,50,164,5
812,419456,749696,157,185,124,121,137,5
813,320640,209760,237,308,157,180,275,5
814,171520,70944,290,22879,7431,2734,245,5
815,432896,148000,251,132,125,29,85,5
816,359552,112640,337,26492,8752,3040,330,5
817,133376,302880,0,104,81,0,105,5
818,158368,71008,140,58,75,162,225,5
819,186208,111648,26,81,84,157,389,5
820,459264,1048544,304,156,324,114,298,5
821,112864,351104,0,0,65,73,27,5
822,453888,866400,301,144,121,110,149,5
823,216256,69408,127,4675,1417,660,148,5
824,260832,74496,211,2933,989,469,65,5
825,194080,47648,46,62,69,71,179,5
826,172832,67488,132,108,71,165,93,5
827,384448,724512,263,85,190,151,225,5
828,140544,62496,19,69,125,68,177,5
829,155360,50464,41,90,7,63,182,5
830,187904,92896,165,65,159,63,273,5
831,211968,73376,114,13863,4479,1589,217,5
832,206208,81632,135,11070,3529,1399,243,5
833,137088,90016,48,163,79,97,212,5
834,235456,193536,172,5231,1775,614,83,5
835,159616,78144,0,17,75,123,105,5
836,514656,1048544,0,0,0,0,243,5
837,356256,563520,175,93,92,184,272,5
838,140416,84832,153,221,103,203,149,5
839,137760,72064,4,253,144,21,162,5
840,350240,610976,317,272,197,255,125,5
841,200544,66016,216,17056,5652,1743,123,5
842,153728,202752,55,48,103,95,196,5
843,232896,74240,1,756,373,116,57,5
844,335680,692224,159,34,89,112,26,5
845,190752,101472,305,5684,2101,656,223,5
846,255360,102432,203,6064,2063,740,109,5
847,217088,888832,21,0,0,80,77,5
848,237568,68864,109,1123,444,250,245,5
849,156192,59424,0,121,62,76,156,5
850,402880,707328,132,65,102,91,61,5
851,197920,61216,20,229,184,70,100,5
852,170272,77984,36,122,56,47,91,5
853,161152,86944,34,31,52,33,153,5
854,552672,1048544,13,31,0,0,155,5
855,454656,565536,113,29,37,168,60,5
856,130080,91552,114,147,184,207,221,5
857,429696,571712,135,167,187,124,34,5
858,512864,701344,231,147,140,157,149,5
859,140288,73472,0,55,33,127,80,5
860,192032,72288,0,35,77,127,262,5
861,454624,1048544,1160,555,1122,723,1031,5
862,209856,95264,232,11926,4107,1548,255,5
863,135168,291872,0,0,21,73,108,5
864,440000,1048544,271,142,119,155,87,5
865,606944,212352,209,33,121,0,306,5
866,144768,59136,117,21,126,122,0,5
867,138912,73696,120,15,40,148,320,5
868,160224,89760,198,139,97,87,161,5
869,172832,51264,169,12933,4472,1311,258,5
870,393568,601920,236,149,62,125,173,5
871,228000,395616,128,78,117,161,121,5
872,125440,352256,73,69,183,143,155,5
873,172672,55808,115,78,31,0,41,5
874,530784,774560,188,82,143,80,82,5
875,137664,46240,5,0,130,108,151,5
876,216992,74368,105,14140,4759,1600,204,5
877,422560,562752,164,142,147,102,183,5
878,446432,772160,176,45,225,81,120,5
879,298880,892416,203,213,192,139,145,5
880,149408,62048,73,14,0,13,149,5
881,671872,223392,465,82,181,55,193,5
882,159040,50400,68,102,173,156,222,5
883,202432,68960,255,12925,4289,1399,338,5
884,236416,68704,109,12716,4196,1473,37,5
885,415136,869664,217,45,200,61,109,5
886,265472,107776,401,7829,2629,1028,201,5
887,353600,1048544,238,105,160,171,153,5
888,153152,99712,28,5,35,80,173,5
889,207264,124256,208,7406,2632,704,154,5
890,375232,910784,178,255,199,148,304,5
891,349472,539680,103,50,137,129,109,5
892,240864,170656,155,8941,3085,911,141,5
893,261024,110944,395,24311,8042,2867,284,5
894,248352,68288,0,3410,1127,466,110,5
895,132672,64672,0,17,85,46,198,5
896,124864,54816,26,156,70,145,202,5
897,134816,69568,0,31,112,148,101,5
898,135360,83616,73,44,112,114,60,5
899,136992,80544,15,41,31,93,67,5
900,501920,191232,351,141,157,82,195,5
901,454272,1035328,155,234,115,93,176,5
902,214528,111520,170,2572,991,437,141,5
903,144160,84672,99,97,191,60,249,5
904,416832,778656,132,0,171,172,63,5
905,416928,1048544,427,186,255,160,190,5
906,136960,97984,165,0,93,205,288,5
907,192608,693024,60,76,71,62,309,5
908,203584,62592,249,21950,7020,2179,236,5
909,449600,1048544,599,333,359,293,155,5
910,124288,79328,71,13,54,127,54,5
911,166112,50976,56,130,208,167,252,5
912,125312,321024,0,6,14,0,185,5
913,235008,194048,72,0,93,81,0,5
914,458304,922048,250,76,199,199,112,5
915,147936,80736,0,24,100,69,110,5
916,396352,654880,116,0,90,35,121,5
917,265312,98752,37,1055,361,139,187,5
918,126656,63488,98,96,78,180,177,5
919,148960,109184,104,85,160,29,304,5
920,147040,70112,21,148,23,117,118,5
921,219776,133632,268,18178,5916,2062,247,5
922,136064,400768,77,71,83,61,220,5
923,191392,75072,103,7192,2561,853,53,5
924,143040,64448,68,28,57,93,232,5
925,558880,1048544,412,236,231,135,94,5
926,175168,57248,163,25,57,72,162,5
927,188672,64960,241,24746,8260,2847,165,5
928,829376,1048544,1121,9232,3453,1425,596,5
929,449184,747232,137,84,161,26,95,5
930,171456,57056,66,76,88,93,228,5
931,186144,54688,182,1683,571,216,163,5
932,387104,497952,296,73,181,122,27,5
933,212128,105856,166,13785,4612,1543,293,5
934,144192,88864,19,26,51,28,145,5
935,204416,84832,105,8176,2816,945,244,6
936,173632,85376,32,40,149,70,52,6
937,347168,221888,139,583,240,126,185,6
938,1048544,1048544,10913,25270,11068,7153,4950,6
939,212480,65856,153,9232,3120,1103,211,6
940,157664,83328,0,0,25,71,59,6
941,552704,1048544,715,386,367,246,287,6
942,363680,472032,111,0,16,31,0,6
943,303776,179776,176,11223,3909,1381,112,6
944,208608,48480,55,4135,1465,526,0,6
945,265376,1048544,145,96,172,61,118,6
946,225760,52224,41,3010,1087,368,229,6
947,145280,87872,14,93,73,105,104,6
948,214400,98208,192,13029,4364,1410,149,6
949,140288,66080,0,81,144,46,153,6
950,216960,75936,152,9544,3269,1101,139,6
951,406848,713280,190,89,134,230,155,6
952,227424,87904,156,8800,3151,953,148,6
953,435424,728960,141,133,39,145,149,6
954,148736,80288,31,173,89,124,163,6
955,433088,979168,415,323,223,279,324,6
956,156608,672224,63,116,51,125,70,6
957,363232,166624,201,83,205,135,282,6
958,368352,1048544,258,239,115,80,0,6
959,418048,658016,221,75,106,46,162,6
960,445600,929600,195,165,136,123,107,6
961,126368,69792,17,0,91,117,84,6
962,153568,752128,25,37,0,162,264,6
963,147584,99040,0,149,135,45,82,6
964,370720,1048544,269,172,221,169,225,6
965,147744,107200,148,32,79,40,127,6
966,411712,702368,173,115,199,141,205,6
967,423776,578560,368,99,148,167,219,6
968,578080,1048544,182,130,102,173,70,6
969,161696,85440,35,0,93,57,224,6
970,177152,93152,73,13,104,20,181,6
971,149792,64000,0,91,52,99,125,6
972,196256,549408,6,0,60,73,418,6
973,283104,92960,255,5825,1908,705,126,6
974,161312,92320,0,0,101,67,269,6
975,389472,642368,40,0,100,151,15,6
976,142208,72736,63,0,89,84,152,6
977,136544,69184,68,0,93,97,127,6
978,354688,583520,290,192,165,122,319,6
979,150560,51008,27,32,68,164,244,6
980,461952,608608,185,96,171,143,86,6
981,437376,840736,156,187,35,53,130,6
982,176480,64768,35,64,69,27,189,6
983,133248,78208,0,95,73,80,265,6
984,142336,68224,999,669,1189,917,1215,6
985,138112,62880,59,0,12,118,42,6
986,260992,106496,204,16988,5548,1877,243,6
987,399648,930720,221,191,157,176,104,6
988,246560,121632,231,13633,4806,1517,233,6
989,140000,82656,51,16,37,61,81,6
990,398816,1048544,337,212,216,145,201,6
991,496544,974720,146,158,135,193,149,6
992,412416,745376,67,247,128,155,271,6
993,155616,104640,182,240,149,108,147,6
994,210080,47872,133,6282,2124,790,247,6
995,601632,227104,48,145,50,69,144,6
996,197952,84000,89,16,47,53,277,6
997,116544,203520,0,44,11,77,72,6
998,338272,681344,101,57,108,25,168,6
999,172128,75552,163,57,156,189,153,6
1000,190304,99072,110,62,157,68,12,6
1001,178400,106560,65,0,159,65,202,6
1002,157728,77312,17,0,52,80,240,6
1003,344736,540288,256,121,189,111,84,6
1004,133024,77408,0,125,88,59,255,6
1005,356992,533088,109,0,139,100,210,6
1006,155296,56160,134,55,147,159,78,6
1007,415648,665312,186,140,203,181,137,6
1008,179232,70048,109,9273,3165,1020,155,6
1009,233344,57248,114,11927,3673,1326,233,6
1010,144800,66944,56,0,150,88,118,6
1011,229504,89696,161,7939,2720,861,21,6
1012,376000,1048544,686,429,388,505,184,6
1013,240160,74400,166,15080,4728,1909,112,6
1014,166528,68544,0,81,62,62,48,6
1015,153920,70240,6,0,89,91,73,6
1016,177792,68832,61,97,169,48,2,6
1017,521472,525856,188,124,145,186,137,6
1018,138976,101888,47,47,50,85,67,6
1019,332704,870176,225,135,84,118,0,6
1020,222944,62752,87,2974,1081,380,257,6
1021,314112,710176,136,163,95,141,131,6
1022,466976,921184,157,103,101,157,0,6
1023,148352,82720,48,192,141,101,76,6
1024,140096,88512,28,0,49,85,25,6
1025,179168,70752,29,0,56,74,199,6
1026,142880,62080,48,0,103,106,162,6
1027,139232,79168,0,22,0,85,66,6
1028,150016,76416,109,128,164,69,15,6
1029,438208,185824,202,136,97,109,103,6
1030,187424,71456,47,10313,3267,1223,75,6
1031,408544,931616,320,329,127,163,130,6
1032,443264,1048544,372,174,163,118,122,6
1033,163040,70048,39,87,105,187,297,6
1034,189312,119712,91,80,111,131,27,6
1035,207904,66624,207,16611,5513,1898,201,6
1036,142656,77888,125,158,61,126,339,6
1037,339296,423552,119,24,88,77,82,6
1038,155008,56864,63,0,33,75,19,6
1039,195552,75136,220,9941,3553,1297,112,6
1040,628960,1048544,281,140,120,37,327,6
1041,180064,87232,59,172,150,32,142,6
1042,132480,95552,0,146,88,58,92,6
1043,206336,65120,217,16729,5119,1997,215,6
1044,147488,80160,94,0,135,66,260,6
1045,396192,550272,73,124,118,69,147,6
1046,232864,1026432,273,159,148,103,404,6
1047,222880,175264,0,0,153,55,177,6
1048,124576,72736,13,0,148,0,229,6
1049,162208,663328,9,0,0,10,20,6
1050,217312,152864,416,14544,4970,1843,191,6
1051,433248,895328,294,203,149,163,173,6
1052,179616,180832,408,275,365,331,396,6
1053,236032,73696,29,6423,2180,748,114,6
1054,239328,300416,129,160,93,139,133,6
1055,119584,122496,0,61,105,77,67,6
1056,125216,74912,105,69,40,90,125,6
1057,461792,828576,320,201,379,284,181,6
1058,156704,62720,50,59,81,167,164,6
1059,167136,69024,36,7,140,111,121,6
1060,145920,74528,116,341,247,116,147,6
1061,479328,796480,221,217,52,206,73,6
1062,197440,77984,58,7,116,26,116,6
1063,210176,139648,508,36352,11890,4043,313,6
1064,227296,78336,198,4763,1636,589,315,6
1065,430240,932736,152,140,173,94,83,6
1066,176032,67936,70,135,82,97,256,6
1067,136160,81792,149,0,80,103,236,6
1068,145664,71616,14,68,92,85,159,6
1069,196192,75008,221,9080,3095,996,127,6
1070,345216,1048544,401,239,208,105,132,6
1071,381376,651776,119,5,85,82,311,6
1072,148448,85120,169,125,49,98,96,6
1073,260576,149792,107,4345,1660,536,20,6
1074,463488,918272,204,43,100,142,92,6
1075,219424,69248,135,10888,3544,1140,129,6
1076,159584,73984,0,98,17,122,133,6
1077,362752,540064,230,232,217,140,21,6
1078,162656,74304,114,164,115,121,191,6
1079,140736,57728,169,173,134,199,230,6
1080,158624,56672,219,6020,1973,897,215,6
1081,176928,85280,100,67,64,57,109,6
1082,385152,798112,149,143,125,136,207,6
1083,177376,638432,71,42,66,161,160,6
1084,357504,295200,373,147,166,169,118,6
1085,217728,67232,122,12200,3904,1307,264,6
1086,450400,604864,39,56,189,59,101,6
1087,468448,881824,98,86,71,64,106,6
1088,169248,67232,0,38,35,68,156,6
1089,235552,82496,155,7009,2352,778,239,6
1090,160256,310272,7,0,54,0,112,6
1091,418208,1048544,224,145,129,148,87,6
1092,131808,60896,1,2,73,0,114,6
1093,187392,71872,68,4526,1487,561,87,6
1094,427232,1048544,297,100,208,108,29,6
1095,405568,809248,172,126,131,183,109,6
1096,158112,72864,40,0,29,62,138,6
1097,472736,1048544,243,300,149,93,144,6
1098,386944,849856,213,131,156,138,31,6
1099,158720,129920,126,0,90,13,143,6
1100,476800,846784,259,171,172,144,223,6
1101,139264,522656,111,142,59,148,159,6
1102,190816,72384,94,153,41,52,235,6
1103,457856,1048544,161,100,142,52,48,6
1104,140896,71136,104,140,72,88,85,6
1105,124672,68160,155,57,135,52,216,6
1106,170496,64480,64,81,97,117,85,6
1107,123264,96768,127,36,45,28,132,6
1108,367936,168256,72,0,73,50,137,6
1109,203392,72416,145,14074,4735,1594,239,6
1110,162144,63776,167,55,132,127,308,6
1111,229920,70304,67,7905,2500,959,160,7
1112,152864,77088,53,34,80,37,165,7
1113,308224,427200,193,137,35,92,98,7
1114,621632,371104,491,110,216,261,0,7
1115,145056,68128,28,39,8,67,88,7
1116,392832,693504,145,165,175,153,271,7
1117,394624,574592,286,122,131,126,39,7
1118,440192,801824,278,209,172,116,113,7
1119,139808,49600,169,65,245,54,223,7
1120,398560,799712,380,400,308,252,28,7
1121,225376,106176,144,2215,875,291,160,7
1122,490656,1048544,316,144,179,268,226,7
1123,141952,82912,0,241,114,153,93,7
1124,172672,87072,0,24,86,76,69,7
1125,220320,875648,105,0,70,108,186,7
1126,422144,409376,152,106,172,116,205,7
1127,356000,574080,132,118,97,84,23,7
1128,170592,65952,159,214,79,145,265,7
1129,143520,138528,75,78,65,16,52,7
1130,157216,84096,5,0,156,4,129,7
1131,458336,786304,266,95,172,108,61,7
1132,385344,619136,201,77,115,76,108,7
1133,128704,78784,4,80,198,109,108,7
1134,383904,145056,157,49,85,73,111,7
1135,134272,54176,21,0,124,136,297,7
1136,425792,542176,233,134,231,151,269,7
1137,542592,768960,67,0,42,95,104,7
1138,435488,178208,93,68,120,74,247,7
1139,154944,117408,58,388,293,138,172,7
1140,438336,1048544,579,374,273,315,179,7
1141,191840,72928,64,4002,1475,622,90,7
1142,402048,598976,279,143,183,231,109,7
1143,145632,59296,92,107,116,161,233,7
1144,427488,756352,224,113,377,206,55,7
1145,232416,103552,84,21,57,89,131,7
1146,388672,445664,121,52,119,18,144,7
1147,546688,928416,223,41,129,113,346,7
1148,162816,86496,83,48,115,66,203,7
1149,433184,592576,125,161,139,138,188,7
1150,159616,52928,209,2305,744,249,28,7
1151,154464,67360,60,37,135,23,237,7
1152,194080,68384,151,5012,1840,554,129,7
1153,263424,107168,127,59,76,143,119,7
1154,538400,1048544,446,29,197,197,29,7
1155,1048544,1048544,183,164,201,127,910,7
